product_name,category_large,category_medium,item_type,grocery_item_name,brand_name
[마이너피겨스] 유기농 오트음료,음료,주스,BEVERAGE,오트음료,마이너피겨스
[마이셰프] 찹스테이크,간편식,밀키트,RTC_MEAL,밀키트,마이셰프
[건강한우리집비옴] 생 아몬드 분말,조미료,가루분말,SAUCE_SEASONING,아몬드 분말,건강한우리집비옴
[김구원선생] 매일 마시는 국산 콩물,채소/곡물류,콩/두부,SIMPLE_PROCESSED,콩물,김구원선생
스코티시 리더 슈프림,술,기타 주류,ALCOHOL,위스키,스코티시
스프링 시드 비올라 쉬라즈,술,와인,ALCOHOL,레드 와인,스프링 시드 와인즈
[KF365] 닭가슴살 샤브샤브 돌돌말이 (냉동),육류/계란,닭고기,RAW_MEAT,닭가슴살,KF365
[RARE : 레어] 1++ 한우 차돌박이 슬라이스,육류/계란,소고기,RAW_MEAT,차돌박이,RARE : 레어
[램테이블] 호주산 프렌치랙,육류/계란,기타,UNKNOWN,프렌치랙,램테이블
[건어물상회] 국물용멸치,수산물,멸치/건어물,DRIED_SEAFOOD,멸치,건어물상회
[krikri 크리크리] 그리스 그릭 요거트,유제품,요거트,DAIRY,요거트,krikri 크리크리
[KF365] 1+등급 무항생제 백색 특란,육류/계란,계란,RAW_MEAT,계란,KF365
[기장물산] 간편한끼 한봉씩 기장미역,수산물,미역/다시마,DRIED_SEAFOOD,미역,기장물산
[뉴트리코어] 포스파티딜세린,채소/곡물류,채소,RAW_PRODUCE,기타,뉴트리코어
[고메] 바삭탱글한 칠리새우,간편식,냉동식품,FROZEN_MEAL,칠리새우,고메
[라메르풀라르] 틴케이스 프랑스 전통 쿠키,간식류,과자/스낵,SNACK,쿠키,라메르풀라르
[나무사이로] 하우스 블렌드 드립백,음료,커피/차,BEVERAGE,커피백,나무사이로
[GRN] 분홍이 슬림밸런스&비오틴,기타,기타,UNKNOWN,기타,GRN
[Kim's butcher] 미국산 초이스 찜갈비 (냉동),간편식,냉동식품,FROZEN_MEAL,갈비,Kim's butcher
카라쿠치골드,술,기타 주류,ALCOHOL,청주,카라쿠치
[로아커] 미니스 디스펜서 나폴리타너,간식류,과자/스낵,SNACK,과자,로아커
행복한콩 국산콩 두부 부침용,채소/곡물류,콩/두부,SIMPLE_PROCESSED,두부,행복한콩
[디핀] 단호박 크림 뇨끼,간편식,냉동식품,FROZEN_MEAL,뇨끼,디핀
[대흥] 다이버가 채취한 자연산 해삼,수산물,조개/전복,RAW_SEAFOOD,해삼,대흥
[맥케인] 케이준 후라이,간편식,냉동식품,FROZEN_MEAL,감자튀김,맥케인
[맑은농장] 기운내요 쌍화차,음료,커피/차,BEVERAGE,쌍화차,맑은농장
글렌카담15년,술,기타 주류,ALCOHOL,위스키,글랜카담
[롯데] 키스틱 소시지,육류/계란,가공육(햄/소시지),PROCESSED_MEAT,소시지,롯데
프레스코발디 테누타 카스틸리오니 토스카나,술,와인,ALCOHOL,레드 와인,프레스코발디
1865 마스터 블랜드,술,와인,ALCOHOL,레드 와인,산 페드로
[더오담] 가마솥 누룽지,기타,기타,UNKNOWN,누룽지,더오담
[도리깨침] 열무김치,간편식,반찬류,SIMPLE_PROCESSED,열무김치,도리깨침
[마이시톨] 나의 이노시톨 마이시톨,기타,기타,UNKNOWN,기타,마이시톨
비네티 델 살렌토 졸라 네그로 아마로 (와인),술,와인,ALCOHOL,레드 와인,비네티 델 살렌토
[레미레미] 땅콩버터 미니팩,유제품,버터/생크림,DAIRY,땅콩 버터,레미레미
[글루어트] 애플사이다비니거,조미료,양념/소스,SAUCE_SEASONING,애플사이다비니거,글루어트
[둥구나무] 특선 채소 영양찜,간편식,레트로트,RTC_MEAL,레트로트,둥구나무
[델리치오] 호주산 목초육 안심 구이용,육류/계란,소고기,RAW_MEAT,안심,델리치오
[데르뜨] 떠먹는 젤리 오렌지,간식류,디저트/케이크,BAKERY,오렌지 젤리,데르뜨
글렌 모렌지 18년 디 인피니타,술,기타 주류,ALCOHOL,위스키,글렌 모렌지
[La bocca] 부쉬드노엘 (그린),간식류,디저트/케이크,BAKERY,부쉬드노엘,La bocca
[YOZM] 그릭요거트 초코소보로 그래놀라,유제품,요거트,DAIRY,그래놀라,YOZM
[광천김] 바삭바삭 미니 김가루,상온식품,김/자반,DRIED_SEAFOOD,김가루,광천김
[근대골목단팥빵] 쑥아빵,간식류,빵류,BAKERY,단팥빵,근대골목단팥빵
스톨리치나야 솔티드 카라멜,술,기타 주류,ALCOHOL,보드카,스톨리치나야
[김구원선생] 콩나물국 키트,간편식,레트로트,RTC_MEAL,레트로트,김구원선생
[동원] 구운 김밥김,상온식품,김/자반,DRIED_SEAFOOD,김밥김,동원
[매일] 허쉬 초콜릿 드링크 딸기,음료,주스,BEVERAGE,초콜릿 우유,매일
[KF365] 파프리카,채소/곡물류,채소,RAW_PRODUCE,파프리카,KF365
[근대골목단팥빵] 미니 맘모스빵,간식류,빵류,BAKERY,맘모스빵,근대골목단팥빵
넘버3 런던 드라이 진,술,기타 주류,ALCOHOL,진,베리 브로스 앤 러드
헤이먼스 올드 톰 진,술,기타 주류,ALCOHOL,진,헤이먼스
클라로스쿠로 그란 말벡,술,와인,ALCOHOL,레드 와인,클라로스쿠로
벨로틴피넛버터초콜렛,간식류,초콜릿/사탕,SNACK,초콜릿,벨로틴
판티니 에디찌오네,술,와인,ALCOHOL,레드 와인,판티니
[누테이블] 소고기 메추리알 장조림,간편식,반찬류,SIMPLE_PROCESSED,메추리알 장조림,누테이블
[맛의명태자] 구워먹는 명란 (냉동),수산물,어란,RAW_SEAFOOD,명란,맛의명태자
[KF365] 간편한 손질오징어 (냉동),수산물,오징어/문어,RAW_SEAFOOD,오징어,KF365
[노포기행]포천식 양념 소 불갈비,육류/계란,가공육(햄/소시지),PROCESSED_MEAT,소갈비,노포기행
아스코니 솔 네그루 까베르네 소비뇽,술,와인,ALCOHOL,레드 와인,아스코니
타이거오리지널,술,맥주,ALCOHOL,맥주,타이거
[니아르] 가르시니아 블루베리맛,기타,기타,UNKNOWN,다이어트캔디,니아르
[군산 이성당] 미니 쌀크루아상,간식류,빵류,BAKERY,크루아상,군산 이성당
[Kurly's] 샌드위치용 달걀감자 샐러드,간편식,샐러드팩,RTC_MEAL,감자 샐러드,Kurly's
[대천김] 프리미엄 곱창 전장김,상온식품,김/자반,DRIED_SEAFOOD,김,대천김
[농협] 우리쌀 통가래떡,간식류,떡,SNACK,가래떡,농협
[Kurly's] 감칠맛 볶음김치,간편식,반찬류,SIMPLE_PROCESSED,볶음김치,Kurly's
[그래인스 쿠키] 애플시나몬 쿠키,간식류,과자/스낵,SNACK,쿠키,그래인스 쿠키
[기네스0.0] 논알콜 음료,술,맥주,ALCOHOL,맥주,기네스
폰타나프레다 브라케토 다퀴,술,와인,ALCOHOL,스파클링 와인,폰타나프레다
[도나스데이] 깨찰슈,간식류,빵류,BAKERY,슈,도나스데이
포 스타 바이 골든 블랑 로제,술,와인,ALCOHOL,스파클링 와인,비토 알베르티
[마요라] 코피코 커피캔디 지퍼백,간식류,초콜릿/사탕,SNACK,커피캔디,마요라
[대천김] 재래 전장김,상온식품,김/자반,DRIED_SEAFOOD,김,대천김
[건어수라] 육수용 황태머리,수산물,멸치/건어물,DRIED_SEAFOOD,황태,건어수라
[뉴믹스] 에어 오리지널맛 저당 커피 파우더 스틱,음료,커피/차,BEVERAGE,커피가루,뉴믹스
[데르뜨] 매일유업 우유 케이크 꾸미기 세트,간식류,디저트/케이크,BAKERY,케이크,데르뜨
[LOWIDE] 로와이드 소금빵,간식류,빵류,BAKERY,소금빵,LOWIDE
[광천김] 오가닉김 도시락김,상온식품,김/자반,DRIED_SEAFOOD,김,광천김
[KF365] 1+ 한우 등심 (냉장),육류/계란,소고기,RAW_MEAT,등심,KF365
[THE짙은] YBD 앞다리 구이용 (냉장),육류/계란,돼지고기,RAW_MEAT,앞다리살,THE짙은
[델리치오] 와규 햄버거 패티,육류/계란,가공육(햄/소시지),PROCESSED_MEAT,패티,델리치오
[김정환홍삼] 홍삼견과,음료,주스,BEVERAGE,홍삼견과,김정환홍삼
[맥시칸] 크리스피 텐더&청양마요소스,조미료,양념/소스,SAUCE_SEASONING,청양 마요 소스,맥시칸
[로이타이] 코코넛 밀크,유제품,우유/두유,DAIRY,코코넛 밀크,로이타이
[노아베이커리] 앙금품은 모카빵,간식류,빵류,BAKERY,모카빵,노아베이커리
다니엘 부쥬XO,술,기타 주류,ALCOHOL,꼬냑,다니엘 부쥬
[리치몬드 과자점] 까만식빵,간식류,빵류,BAKERY,식빵,리치몬드 과자점
[꼬모쎔쁘레] 초콜릿 선물세트,간식류,초콜릿/사탕,SNACK,초콜릿,꼬모쎔쁘레
[로트벡쉔] 브레인 헬스 바이탈,기타,기타,UNKNOWN,기타,로트벡쉔
[대상웰라이프] 석류 콜라겐,기타,기타,UNKNOWN,콜라겐,대상웰라이프
[SEMIWON] 새우 쇼마이,간편식,냉동식품,FROZEN_MEAL,새우 만두,SEMIWON
[라티브] 올리브레몬샷,기타,기타,UNKNOWN,올리브유,라티브
하이네켄 케그,술,맥주,ALCOHOL,맥주,하이네켄
알렉산더 오가닉 보드카,술,기타 주류,ALCOHOL,보드카,보테가
샴페인 호스톰 트레디션,술,와인,ALCOHOL,스파클링 와인,호스톰
[ISFI] 핑크(레드) 페퍼홀,조미료,향신료/허브,SAUCE_SEASONING,레드 페퍼,ISFI
[Dukes coffee] 커피백,음료,커피/차,BEVERAGE,커피백,Dukes coffee
[그냥부엌] 더바삭 베이컨 치즈 감자채전,간편식,냉동식품,FROZEN_MEAL,감자채전,그냥부엌
[YOZM X 테일러] 저당 푸룬 그릭요거트,유제품,요거트,DAIRY,그릭요거트,YOZM X 테일러
[닥터브라이언] 슈퍼브레인 PS&징코 800 플러스,기타,기타,UNKNOWN,기타,닥터브라이언
[라라스윗] 저당 쭈쭈바,간식류,디저트/케이크,BAKERY,아이스크림,라라스윗
[RARE : 레어] 1++ 한우 국거리,육류/계란,소고기,RAW_MEAT,소고기 국거리용,RARE : 레어
조니워커 골드 리저브,술,기타 주류,ALCOHOL,위스키,조니워커
[로트벡쉔] 아이젠샷,기타,기타,UNKNOWN,기타,로트벡쉔
[네이처앤헬스] 한천가루,기타,기타,UNKNOWN,한천가루,네이처앤헬스
[동원] 자연산 꽁치 통조림,상온식품,참치/스팸캔,CANNED,꽁치 통조림,동원
[경복궁 BLACK] 양념 소 불고기,육류/계란,가공육(햄/소시지),PROCESSED_MEAT,소불고기,경복궁 BLACK
[도리깨침] 소고기 알배추찜,간편식,레트로트,RTC_MEAL,레트로트,도리깨침
[만치니] 프리미엄 파스타면,채소/곡물류,쌀/잡곡,GRAIN,파스타 면,만치니
[Picard] 블랙트러플 매쉬드 포테이토,간편식,냉동식품,FROZEN_MEAL,매쉬드 포테이토,Picard
[김정환홍삼] 홍삼배도라지,음료,주스,BEVERAGE,홍삼 음료,김정환홍삼
[매일] 소화가 잘 되는 우유 초콜릿,간식류,초콜릿/사탕,SNACK,밀크초콜릿,매일
[네스프레소] 코지 커피 캡슐,음료,커피/차,BEVERAGE,커피 캡슐,네스프레소
[대상웰라이프] 뉴케어 올프로틴 프로틴 워터,조미료,가루분말,SAUCE_SEASONING,프로틴 음료,대상웰라이프
[꼬손] 껍질벗긴 들깨가루,채소/곡물류,쌀/잡곡,GRAIN,들깨가루,꼬손
[그리스 프리미엄 쿠키] 쿠라비에 화이트 스노우 아몬드,간식류,과자/스낵,SNACK,쿠라비에,쿠라비에
[동원] 양반100밥 현미밥,간편식,즉석밥,INSTANT,현미밥,동원
고든스 진,술,기타 주류,ALCOHOL,진,고든스
[루솔] 홍삼 배도라지즙,음료,주스,BEVERAGE,배도라지 음료,루솔
[남양] 떠먹는 불가리스 제로 요거트 복숭아,유제품,요거트,DAIRY,복숭아,남양
메이커스 마크,술,기타 주류,ALCOHOL,위스키,메이커스 마크
[VEZZLY] 하루 스콘 세트,간식류,빵류,BAKERY,스콘,VEZZLY
[김소형원방] 슬림 다이어트 카페,기타,기타,UNKNOWN,기타,김소형원방
샤또 부아 페르튀 보르도,술,와인,ALCOHOL,레드 와인,GCF
[니아르] 퓨어애사비,조미료,양념/소스,SAUCE_SEASONING,애플사이다비니거,니아르
보테가 끼안띠 클라시코,술,와인,ALCOHOL,레드 와인,보테가
[KF365] 완도 전복,수산물,조개/전복,RAW_SEAFOOD,전복,KF365
[KF365] 곱창 캔김,상온식품,김/자반,DRIED_SEAFOOD,김,KF365
[마이셰프] 얼큰한 꽃게탕,간편식,밀키트,RTC_MEAL,밀키트,마이셰프
칭따오,술,맥주,ALCOHOL,맥주,칭따오
[동원] Dole 워터젤리 사과,간식류,디저트/케이크,BAKERY,사과 젤리,동원
[마이노멀 x YOZM] 저당 그릭요거트 애플시나몬,유제품,요거트,DAIRY,그릭요거트,마이노멀 x YOZM
[라티브] 클린프로틴 쉐이크,조미료,가루분말,SAUCE_SEASONING,프로틴 음료,라티브
[달심] 아사이볼,간식류,디저트/케이크,BAKERY,아사이볼,달심
카발란 솔리스트 비노 바리끄,술,기타 주류,ALCOHOL,위스키,카발란
[리얼닥터] 비타민D 5000IU,조미료,가루분말,SAUCE_SEASONING,기타,리얼닥터
[로우바잇츠] 오'망고,과일/견과류,과일,RAW_FRUIT,건망고,로우바잇츠
[동병상련] 전통 프리미엄 떡국떡 세트,간식류,떡,SNACK,떡국떡,동병상련
[다미원] 촉촉한 반건조 오징어,수산물,오징어/문어,RAW_SEAFOOD,반건조 오징어,다미원
산 마르짜노 F 네그로아마로,술,와인,ALCOHOL,레드 와인,칸티네 산 마르짜노
[KF365] 1+등급 무항생제 백색 특란,육류/계란,계란,RAW_MEAT,계란,KF365
[마켓오] 브라우니 바이트,간식류,디저트/케이크,BAKERY,브라우니,마켓오
[떡편] 쌀케이크 세트,간식류,디저트/케이크,BAKERY,쌀케이크,떡편
이브코트 보르도 므왈레,술,와인,ALCOHOL,화이트 와인,이브코트
[남양] 마시는 불가리스 딸기,유제품,요거트,DAIRY,요구르트,남양
[THE짙은] YBD 목살 구이용 (냉장),육류/계란,돼지고기,RAW_MEAT,목살,THE짙은
[G7] 퓨어 블랙커피,음료,커피/차,BEVERAGE,블랙커피,G7
[드립핑크] 커피 드립백,음료,커피/차,BEVERAGE,커피백,드립핑크
[롯데] 몽쉘 생크림케이크 오리지널,간식류,과자/스낵,SNACK,몽쉘,롯데
[카스텔 디 레고] 얼리 하비스트 엑스트라버진,조미료,식용유/기름,SAUCE_SEASONING,올리브유,카스텔 디 레고
[마이하노이] 매운 고기폭탄 쌀국수,간편식,밀키트,RTC_MEAL,밀키트,마이하노이
[뉴트리코어] 코엔자임Q10,기타,기타,UNKNOWN,기타,뉴트리코어
[글루프레소] 혈당커피,음료,커피/차,BEVERAGE,커피,글루프레소
[동원] Dole 워터젤리 망고,간식류,디저트/케이크,BAKERY,망고 젤리,동원
[만나다] 유기농 바나나,과일/견과류,과일,RAW_FRUIT,바나나,만나다
[고래사] 새우볼,간편식,레트로트,RTC_MEAL,레트로트,고래사
[VEZZLY] 하루 스콘,간식류,빵류,BAKERY,스콘,VEZZLY
호세쿠엘보 리제르바 엑스트라 아네호,술,기타 주류,ALCOHOL,데낄라,호세쿠엘보
투핸즈 아레스 쉬라즈,술,와인,ALCOHOL,레드 와인,투핸즈
[레스토랑 알렌 Allen] 트러플 에그 생면 파스타,간편식,밀키트,RTC_MEAL,밀키트,레스토랑 알렌 Allen
[대상웰라이프] 캔서플랜 프로 1.2,기타,기타,UNKNOWN,프로틴 음료,대상웰라이프
[니뽕내뽕] 차뽕,간편식,밀키트,RTC_MEAL,밀키트,니뽕내뽕
[다미원] 반건조 손질 통 민어 (냉동),수산물,생선,RAW_SEAFOOD,반건조 민어,다미원
말리부,술,기타 주류,ALCOHOL,리큐르,말리부
[드로게리아] 히말라야 핑크솔트 그라인더,조미료,조미료,SAUCE_SEASONING,소금,드로게리아
[꿀마실] 아카시아 야생화 스틱,조미료,양념/소스,SAUCE_SEASONING,아카시아꿀,꿀마실
[Kim's butcher] 호주산 목초 홍두깨 (육전용),육류/계란,소고기,RAW_MEAT,홍두깨살,Kim's butcher
[리터스포트] 너트 셀렉션,간식류,과자/스낵,SNACK,초콜릿,리터스포트
[동원] 양반100밥 현미밥,간편식,즉석밥,INSTANT,현미밥,동원
디아블로 데블스 브뤼,술,와인,ALCOHOL,스파클링 와인,디아블로
[농부플러스] 냉압착 생들기름,조미료,식용유/기름,SAUCE_SEASONING,들기름,농부플러스
[맥파이앤타이거] 먼슬리 티백,음료,커피/차,BEVERAGE,티백,맥파이앤타이거
밀크 앤 허니 엘리먼츠 레드 와인,술,와인,ALCOHOL,레드 와인,밀크 앤 허니
[Kim's butcher] 미국산 냉장 부채살,육류/계란,소고기,RAW_MEAT,부채살,Kim's butcher
[루앙] 대만 샌드위치,간식류,빵류,BAKERY,샌드위치,루앙
[더단백] 파우더,기타,기타,UNKNOWN,프로틴 음료,더단백
[농심] 짜파게티,간편식,라면,INSTANT,짜파게티,농심
더 레이크스 더 원 파인 블렌디드 위스키,술,기타 주류,ALCOHOL,위스키,더 레이크스
[남양] 떠먹는 불가리스,유제품,요거트,DAIRY,요거트,남양
[궁] 골든올리브 육포,육류/계란,가공육(햄/소시지),PROCESSED_MEAT,육포,궁
[도리깨침] 프리미엄 명절 한정 상차림,기타,기타,UNKNOWN,기타,도리깨침
[맑은물에] 맷돌 촌두부,채소/곡물류,콩/두부,SIMPLE_PROCESSED,두부,맑은물에
[락피도] 멀티비타민 면역업,기타,기타,UNKNOWN,기타,락피도
[남다른감자탕] 불향가득 직화 연탄불고기,육류/계란,소고기,RAW_MEAT,불고기,남다른감자탕
[맛의명태자] 짜먹는 튜브 명란젓 (냉동),간편식,반찬류,SIMPLE_PROCESSED,명란젓,맛의명태자
[Kurly's] 샌드위치용 달걀 참치 샐러드,간편식,샐러드팩,RTC_MEAL,달걀 참치 샐러드,Kurly's
[Make you Healthy] 엑스트라버진 올리브오일 캡슐,조미료,식용유/기름,SAUCE_SEASONING,올리브유,Make you Healthy
팔리에로 아파시멘토,술,와인,ALCOHOL,레드 와인,팔리에로
[Hallo!] 노르웨이 고등어 (냉동),수산물,생선,RAW_SEAFOOD,고등어,Hallo!
[매일] 마이 카페라떼 컵커피,음료,커피/차,BEVERAGE,컵 커피,매일
[딥트 3일] 애플맛 번,간식류,빵류,BAKERY,번,딥트 3일
[마켓오네이처] 오! 그래놀라 그래놀라팝,상온식품,시리얼,GRAIN,그래놀라,마켓오네이처
호세쿠엘보 트레디셔널 레포사도,술,기타 주류,ALCOHOL,데낄라,호세쿠엘보
[도스타코스] 부리또,간식류,빵류,BAKERY,부리또,도스타코스
[마즈] 초코 펀사이즈 믹스 3 버라이어티팩,간식류,초콜릿/사탕,SNACK,초콜릿,마즈
산 마르짜노 신퀀타 꼴레지오네,술,와인,ALCOHOL,레드 와인,칸티네 산 마르짜노
[땡큐장] 표고깡장 땡초장,조미료,양념/소스,SAUCE_SEASONING,땡초장,땡큐장
[가시제거연구소] 고등어밥상 오렌지라벨,수산물,생선,RAW_SEAFOOD,고등어,가시제거연구소
달모어 포트 우드 리저브,술,기타 주류,ALCOHOL,위스키,달모어
앱솔루트 보드카,술,기타 주류,ALCOHOL,보드카,앱솔루트
하쿠시카 토쿠베츠 혼죠조 야마나니시키,술,기타 주류,ALCOHOL,사케,타츠우마혼케
노비스 메르씨,술,와인,ALCOHOL,레드 와인,노비스
[KF365] 1+등급 무항생제 초란,육류/계란,계란,RAW_MEAT,계란,KF365
[Kurly's] 간편하게 바삭,간편식,냉동식품,FROZEN_MEAL,유린기,Kurly's
[껠끄쇼즈] 샌드쿠키,간식류,과자/스낵,SNACK,샌드쿠키,껠끄쇼즈
[달롤] 글루텐프리 쌀카스테라,간식류,빵류,BAKERY,카스테라,달롤
[KF365] 실속 바나나,과일/견과류,과일,RAW_FRUIT,바나나,KF365
[디어파인] 딸기 그릭요거트,유제품,요거트,DAIRY,그릭요거트,디어파인
[고래주방] 부산깡통시장 유부주머니,간편식,냉동식품,FROZEN_MEAL,유부주머니,고래주방
[널담] 고단백 저당 슬랩,기타,기타,UNKNOWN,슬랩,널담
[기뜬정] 수제 호두정과,간식류,디저트/케이크,BAKERY,호두정과,기뜬정
[HBAF] 넛츠앤스낵스 메이플 피칸 믹스넛,과일/견과류,견과류,RAW_FRUIT,견과류,HBAF
토후 말보로 샤르도네,술,와인,ALCOHOL,화이트 와인,토후
[1등급 한우] 차돌박이 구이용 (냉동),육류/계란,소고기,RAW_MEAT,차돌박이,1등급 한우
[담터] 생강차 플러스,음료,커피/차,BEVERAGE,생강차,담터
알루메아 샤르도네 테라 시칠리아네 오가닉,술,와인,ALCOHOL,화이트 와인,오리온
운두라가 테루아 헌터 소비뇽,술,와인,ALCOHOL,레드 와인,운두라가
[마이셰프] 안동식 순살 듬뿍 찜닭,간편식,밀키트,RTC_MEAL,밀키트,마이셰프
[김소영 아티장의 안단테] 사토리 오리지널 벨라비타노,유제품,치즈,DAIRY,벨라비타노 치즈,김소영 아티장의 안단테
[더치 마스터피스] 고다치즈,유제품,치즈,DAIRY,고다 치즈,더치 마스터피스
[교아당] 우리쌀 감귤 오란다,간식류,과자/스낵,SNACK,오란다,교아당
[동원] 딤섬 새우 하가우,간편식,냉동식품,FROZEN_MEAL,새우 만두,동원
산미구엘,술,맥주,ALCOHOL,맥주,산미구엘
파운더스올데이IPA,술,맥주,ALCOHOL,맥주,파운더스 브루잉
[기장물산] 해녀가 인정한 기장미역,수산물,미역/다시마,DRIED_SEAFOOD,미역,기장물산
[그릭데이] 허니그릭요거트,유제품,요거트,DAIRY,그릭 요거트,그릭데이
크레스만 그랑 리저브 보르도 섹,술,와인,ALCOHOL,화이트 와인,크레스만
[더오담] 고추장양념 오리불고기,간편식,냉동식품,FROZEN_MEAL,오리 불고기,더오담
[녹차원] 제주 말차 라떼,음료,커피/차,BEVERAGE,말차 라떼,녹차원
시메이 그랑 리저브 배럴 숙성,술,맥주,ALCOHOL,맥주,시메이
[김재식헬스푸드] 진한 배즙 도라지 배숙,기타,기타,UNKNOWN,기타 주류,김재식헬스푸드
닛카 요이치 싱글몰트,술,기타 주류,ALCOHOL,위스키,닛카 요이치
1800 아네호,술,기타 주류,ALCOHOL,데낄라,호세쿠엘보
[그랑퍼마쥬] 프랑스 씨솔트 천일염 버터,유제품,버터/생크림,DAIRY,가염버터,그랑퍼마쥬
브로드사이드 센트럴 코스트 샤도네이,술,와인,ALCOHOL,화이트 와인,브로드사이드
[마땡] 저당 그래놀라,과일/견과류,견과류,RAW_FRUIT,그래놀라,마땡
[던킨도너츠] 블루베리 듬뿍 미니 도넛,간식류,디저트/케이크,BAKERY,도넛,던킨도너츠
[도드람한돈] 갈매기살 구이용 (냉장),육류/계란,돼지고기,RAW_MEAT,갈매기살,도드람한돈
[마담로익] 크림치즈,유제품,치즈,DAIRY,크림치즈,마담로익
[닥터린] 슈퍼 글루타치온,기타,기타,UNKNOWN,기타,닥터린
샤또 구프리 뽀므롤,술,와인,ALCOHOL,레드 와인,모즈 베르통
펜폴즈 맥스 까베르네 소비뇽,술,와인,ALCOHOL,레드 와인,펜폴즈
[담터] 자판기우유맛 한잔,유제품,우유/두유,DAIRY,분말 우유,담터
[CJ] 명가 파래김,상온식품,김/자반,DRIED_SEAFOOD,김,CJ
[CJ] 맛군밤,간식류,디저트/케이크,BAKERY,밤,CJ
[더파인치즈컴퍼니] 블루 스틸턴 세라믹 팟,유제품,치즈,DAIRY,스틸턴 치즈,더파인치즈컴퍼니
[고래사] 사각어묵,간편식,기타,UNKNOWN,사각 어묵,고래사
[도드람한돈] 1등급 등심 스마트팩 카레용,육류/계란,돼지고기,RAW_MEAT,등심,도드람한돈
[Make you healthy] 그린 유기농 컬리케일,기타,기타,UNKNOWN,케일,Make you healthy
[대상웰라이프] 혈당커트 ABC 주스맛,기타,기타,UNKNOWN,기타,대상웰라이프
[또보겠지떡볶이집] 떡볶이,간편식,밀키트,RTC_MEAL,밀키트,또보겠지떡볶이집
[디델리] 추억의 라볶이,간편식,밀키트,RTC_MEAL,밀키트,디델리
니모메,술,기타 주류,ALCOHOL,약주,니모메
[Dukes coffee] 커피백,음료,커피/차,BEVERAGE,커피백,Dukes coffee
[둥구나무] 오미자미역초무침,간편식,반찬류,SIMPLE_PROCESSED,미역 무침,둥구나무
[KF365] 노르웨이 고등어,수산물,생선,RAW_SEAFOOD,고등어,KF365
[꾸오닭] 오븐에 꾸오 만든 닭가슴살 스낵,간식류,과자/스낵,SNACK,닭가슴살 스낵,꾸오닭
[고메공방] 들기름 막국수,간편식,밀키트,RTC_MEAL,밀키트,고메공방
[고래사어묵] 김치 우동 전골,간편식,밀키트,RTC_MEAL,밀키트,고래사어묵
[Picard] 버터 페이스트리 생지,간식류,빵류,BAKERY,페이스트리 생지,Picard
[더플랜] 목련 오당볶이,간편식,밀키트,RTC_MEAL,밀키트,더플랜
디카이퍼 카시스,술,기타 주류,ALCOHOL,리큐르,디카이퍼
시메이 골드,술,맥주,ALCOHOL,맥주,시메이
효고 오토코야마,술,기타 주류,ALCOHOL,사케,메이조 주조
[더닐크팩토리] 아몬드 스프레드 오리지널,상온식품,잼/스프레드,SAUCE_SEASONING,아몬드 스프레드,더닐크팩토리
[롯데] ABC 초코쿠키 스트로베리 & 초코,간식류,과자/스낵,SNACK,ABC 초코쿠키,롯데
1865 셀렉티드 빈야드 시라,술,와인,ALCOHOL,레드 와인,산 페드로
[Project H] 프로틴두부칩,간식류,과자/스낵,SNACK,프로틴 과자,Project H
킬리카눈 더래키 쉬라즈,술,와인,ALCOHOL,레드 와인,킬리카눈
[나우푸드] 스트레스와 피로 개선 & 간 건강 면역 에너지샷,기타,기타,UNKNOWN,기타,나우푸드
[기장물산] 해녀가 인정한 기장미역,수산물,미역/다시마,DRIED_SEAFOOD,미역,기장물산
[덴프스] 트루바이타민,기타,기타,UNKNOWN,기타,덴프스
[25-26 햇올리브][카스텔 디 레고] 얼리 하비스트 엑스트라버진,조미료,식용유/기름,SAUCE_SEASONING,올리브유,카스텔 디 레고
[매일] 소화가 잘되는 우유,유제품,우유/두유,DAIRY,우유,매일
쿠보타 준마이 다이긴죠,술,기타 주류,ALCOHOL,사케,아사히 주조
[마마리] 전복미역국,간편식,레트로트,RTC_MEAL,레트로트,마마리
[Picard] 미니 애플 타르트,간식류,디저트/케이크,BAKERY,타르트,Picard
안젤리카 자파타 샤도네이,술,와인,ALCOHOL,화이트 와인,까테네 자파타
[니아르] 브이케어 그레이프후르츠맛,기타,기타,UNKNOWN,기타,니아르
[농심] 감자면,간편식,라면,INSTANT,감자면,농심
가모츠루 준마이 다이긴죠 엔쥬,술,기타 주류,ALCOHOL,사케,가모츠루 주조
마리에따 말벡,술,와인,ALCOHOL,레드 와인,클라로스쿠로
[Ozen] 시즈닝 연어스테이크 (냉동),간편식,냉동식품,FROZEN_MEAL,연어 스테이크,Ozen
[Biscuiterie de Provence] [밀가루] 아몬드 케이크,간식류,디저트/케이크,BAKERY,케이크,Biscuiterie de Provence
[99달걀] 운란,육류/계란,계란,RAW_MEAT,계란,99달걀
[마리농장] 강화도식 약쑥 인절미,간식류,떡,SNACK,인절미,마리농장
[굽네] 닭가슴살 생야채 물만두,간편식,냉동식품,FROZEN_MEAL,닭가슴살 만두,굽네
[로로멜로] 아이스 생초콜릿,간식류,초콜릿/사탕,SNACK,초콜릿,로로멜로
버메스터 화이트 포트,술,와인,ALCOHOL,화이트 와인,버메스터
[끌레도르]더단백바,간식류,과자/스낵,SNACK,단백질 과자,끌레도르
[Sea to Table] 손질 빅사이즈 새우,수산물,새우/게,RAW_SEAFOOD,새우,Sea to Table
[드시모네] 키즈 스텝1 딸기향 유산균,기타,기타,UNKNOWN,기타,드시모네
[닥터브라이언] 슈퍼브레인 PS&징코 800 플러스 세트,기타,기타,UNKNOWN,기타,닥터브라이언
[Perfect Cut] 우대꽃갈비 스테이크,육류/계란,소고기,RAW_MEAT,우대갈비,Perfect Cut
[룸모] 유기농 통밀 파스타면,채소/곡물류,쌀/잡곡,GRAIN,파스타면,룸모
[램테이블] 호주산 양고기 골라담기,육류/계란,양고기,RAW_MEAT,양고기,램테이블
더 글렌그란트 25년,술,기타 주류,ALCOHOL,위스키,더 글렌그란트
[대학두유] 대학약콩 (약콩두유),유제품,우유/두유,DAIRY,두유,대학두유
[남양] 맛있는우유 GT,유제품,우유/두유,DAIRY,우유,남양
[룩트] 아이슬란딕 요거트 띠크,유제품,요거트,DAIRY,요거트,룩트
[드립핑크] 커피 드립백,음료,커피/차,BEVERAGE,커피백,드립핑크
[난축맛돈] 뼈등심 구이용,육류/계란,돼지고기,RAW_MEAT,뼈등심,난축맛돈
맥카시스6년,술,기타 주류,ALCOHOL,위스키,클리어 크릭
인드리 캐스크 스트렝스,술,기타 주류,ALCOHOL,위스키,피카딜리
[건강한우리집비옴] 생 아몬드 분말,과일/견과류,견과류,RAW_FRUIT,아몬드 분말,건강한우리집비옴
세키하라 준마이,술,기타 주류,ALCOHOL,사케,세키하라 주조
[도량] 철가방요리사 임태훈 셰프의 짬뽕,간편식,밀키트,RTC_MEAL,밀키트,도량
[디 바르베로] 옐로우 틴케이스 잔두야 초콜릿,간식류,초콜릿/사탕,SNACK,초콜릿,디 바르베로
츠카사보탄 야마유즈,술,기타 주류,ALCOHOL,사케,츠카사 보탄
[네니아] 우리밀 냉동 우동면,채소/곡물류,면류,GRAIN,우동면,네니아
[HBAF] 먼투썬 하루견과 퍼플,과일/견과류,견과류,RAW_FRUIT,견과류,HBAF
[그냥부엌] 더바삭 치즈감자채전,간편식,레트로트,RTC_MEAL,레트로트,그냥부엌
[KF365] 호주산 소고기 척아이롤 구이용 (냉장),육류/계란,소고기,RAW_MEAT,척아이롤,KF365
[매일유업] 바이오 요거트 딸기,유제품,요거트,DAIRY,요거트,매일유업
[덴프스] 덴마크 유산균이야기,기타,기타,UNKNOWN,기타,덴프스
[나뚜루] 더 그린티 에디션,간식류,디저트/케이크,BAKERY,아이스크림,나뚜루
듀어스 더블 더블 27년,술,기타 주류,ALCOHOL,위스키,듀어스
[마마리] 시래기 된장국,간편식,레트로트,RTC_MEAL,레트로트,마마리
[녹색한우] 무항생제 1+ 한우 등심 구이용 (냉장),육류/계란,소고기,RAW_MEAT,등심,녹색한우
[마이셰프] 소고기 샤브샤브 밀키트,간편식,밀키트,RTC_MEAL,밀키트,마이셰프
[나뚜루] newness 파인트,간식류,디저트/케이크,BAKERY,아이스크림,나뚜루
[Kim's butcher] 미국산 초이스 살치살 스테이크,육류/계란,소고기,RAW_MEAT,살치살,Kim's butcher
[KF365] 1등급 닭 안심살 (냉장),육류/계란,닭고기,RAW_MEAT,닭 안심,KF365
[더찹샵] 올리브 로프,육류/계란,가공육(햄/소시지),PROCESSED_MEAT,햄,더찹샵
[김구원선생] 국산콩으로 만든 마파두부,간편식,밀키트,RTC_MEAL,밀키트,김구원선생
[Picard] 노르망디 타르트,간식류,디저트/케이크,BAKERY,타르트,Picard
[고트델리] 머쉬룸 고트피자,간편식,냉동식품,FROZEN_MEAL,피자,고트델리
[농협] [25년산 햇곡] 강원 신림농협 국산 적두,채소/곡물류,쌀/잡곡,GRAIN,팥,농협
[KF365] 1+등급 무항생제 특란,육류/계란,계란,RAW_MEAT,계란,KF365
[고래사] 인기 어묵 & 간편식 (냉동),수산물,어육가공식품,SIMPLE_PROCESSED,어묵,고래사
[강창구찹쌀진순대] 진전통순대,간편식,레트로트,RTC_MEAL,레트로트,강창구찹쌀진순대
[고래사] 꼬치어묵전골&유부주머니 (캠핑용),간편식,밀키트,RTC_MEAL,밀키트,고래사
[강녕] 꿀스틱,조미료,양념/소스,SAUCE_SEASONING,꿀,강녕
[맥파이앤타이거] 말차,음료,커피/차,BEVERAGE,말차,맥파이앤타이거
[마즈] 이클립스,간식류,초콜릿/사탕,SNACK,사탕,마즈
[ardo] 냉동 컷그린빈,채소/곡물류,채소,RAW_PRODUCE,그린빈,ardo
[김소형원방] 흑염소진액 1++,기타,기타,UNKNOWN,흑염소 진액,김소형원방
음mmm! 스탠다드,술,기타 주류,ALCOHOL,레드 와인,음mmm!
[더리얼] 한입 찐 강낭콩,채소/곡물류,채소,RAW_PRODUCE,그린빈,더리얼
케이류 준마이 실프라,술,기타 주류,ALCOHOL,사케,엔도 주조장
[CJ] 진한 들깨칼국수,간편식,밀키트,RTC_MEAL,밀키트,CJ
[락티브] 베베&키즈 아연 면역젤리,기타,기타,UNKNOWN,면역젤리,락티브
[니아르] 글로우틴 석류맛,기타,기타,UNKNOWN,석류맛,니아르
팔첼리 아마로네 델라 발폴리첼라,술,와인,ALCOHOL,레드 와인,티 리온도
[귤로장생] 제주 감귤 (비가림),과일/견과류,과일,RAW_FRUIT,귤,귤로장생
[Biscuiterie de Provence] [밀가루] 아몬드&초콜릿 케이크,간식류,디저트/케이크,BAKERY,케이크,Biscuiterie de Provence
[드시모네] 베이비 스텝1 유산균,기타,기타,UNKNOWN,유산균,드시모네
[매일] 우유속에 코코아 락토프리,유제품,우유/두유,DAIRY,초코우유,매일
[드시모네] 프리미엄 플러스,기타,기타,UNKNOWN,플러스,드시모네
세냐 ,술,와인,ALCOHOL,레드 와인,비냐 세나
[동원] 양반 진국 사골곰탕,간편식,레트로트,RTC_MEAL,레트로트,동원
[마스터바이옴] 지노마스터,기타,기타,UNKNOWN,지노마스터,마스터바이옴
[농협] 쌀전병,간식류,과자/스낵,SNACK,전병,농협
메나쥬 아 트로와 미드나잇 레드,술,와인,ALCOHOL,레드 와인,메나쥬 아 트로와
라피스 루나 진판델,술,와인,ALCOHOL,레드 와인,라피스 루나
[김정환홍삼] 홍삼 쌍화,음료,주스,BEVERAGE,쌍화탕,김정환홍삼
조니워커 더블 블랙,술,기타 주류,ALCOHOL,위스키,조니워커
[GC녹십자웰빙] PNT 비오틴 맥스 5000,기타,기타,UNKNOWN,비오틴 맥스,GC녹십자웰빙
[까사스 디 후알도] 아르베끼나 엑스트라버진,조미료,식용유/기름,SAUCE_SEASONING,올리브유,까사스 디 후알도
[감코리아] 곶감 쏙 5종 디저트 샘플러,간식류,디저트/케이크,BAKERY,샘플러,감코리아
[KINU] 핑크퐁 키즈 이뮨 젤리,기타,기타,UNKNOWN,젤리,KINU
[립톤] 밀크티,유제품,우유/두유,DAIRY,밀크티,립톤
[맛꾼푸드] 아이스 엿구마,간식류,디저트/케이크,BAKERY,군고구마,맛꾼푸드
[KF365] 한돈 앞다리 수육용,육류/계란,돼지고기,RAW_MEAT,앞다리살,KF365
오모로 10년,술,기타 주류,ALCOHOL,위스키,오모로
[Kim's butcher] 돌돌말이 대패 삼겹살 (냉동),간편식,냉동식품,FROZEN_MEAL,냉동 삼겹살,Kim's butcher
[그래인스 쿠키] 콜렉션,간식류,과자/스낵,SNACK,쿠키,그래인스 쿠키
[까르미아노] 롱 파스타면,채소/곡물류,면류,GRAIN,파스타 면,까르미아노
[덴마크] 떠먹는 포스트바이오틱스 딸기 요거트,유제품,요거트,DAIRY,요거트,덴마크
[더 더치] 스페셜 위스키 치즈,유제품,치즈,DAIRY,위스키 치즈,더 더치
[네이처메이드] 액티브 데일리 멀티 포 우먼,기타,기타,UNKNOWN,우먼,네이처메이드
[도드람한돈] 미트공방 비엔나 소시지,육류/계란,가공육(햄/소시지),PROCESSED_MEAT,소시지,도드람한돈
러셀 리저브10년,술,기타 주류,ALCOHOL,위스키,와일드 터키
[레인코스트] 크리스프 크래커,간식류,과자/스낵,SNACK,크래커,레인코스트
[Kim's butcher] 호주산 프렌치랙 (냉동),육류/계란,양고기,RAW_MEAT,프렌치랙,Kim's butcher
[데일리] 데일리구미 제로슈가 파우치 (유산균,기타,기타,UNKNOWN,유산균,데일리
[라이틀리] 곤약치아바타,간식류,빵류,BAKERY,곤약치아바타,라이틀리
[대상웰라이프] 헤이N 유기농 푸룬즙,기타,기타,UNKNOWN,푸룬즙,대상웰라이프
[SOUPER] 송이송이 트러플 비스크,간편식,레트로트,RTC_MEAL,레트로트,SOUPER
[1등급 한우] 잡채용 (냉장),육류/계란,돼지고기,RAW_MEAT,등심,1등급 한우
와일드 터키 마스터스 킵 원,술,기타 주류,ALCOHOL,위스키,와일드 터키
[동병상련] 전통 프리미엄 떡국떡,간편식,떡,SNACK,떡국떡,동병상련
[고래사] 어묵탕 한그릇,간편식,레트로트,RTC_MEAL,레트로트,고래사
조니워커 블론드,술,기타 주류,ALCOHOL,위스키,조니워커
[고기반찬] 춘천식 양념닭갈비,간편식,레트로트,RTC_MEAL,레트로트,고기반찬
[담터] 발아 현미 쑥차,음료,커피/차,BEVERAGE,쑥차,담터
월계관 준마이 다이긴죠,술,기타 주류,ALCOHOL,사케,월계관
엘리먼츠 오브 아일라 피트 퓨어 아일라,술,기타 주류,ALCOHOL,위스키,엘리먼츠 오브 아일라
[둥구나무] 통들깨 묵은지 들기름지짐,간편식,레트로트,RTC_MEAL,레트로트,둥구나무
[가보팜스] 프리미엄 아카시아꿀,조미료,양념/소스,SAUCE_SEASONING,꿀,가보팜스
[권영원 소담정찬] 궁채장아찌,간편식,반찬류,SIMPLE_PROCESSED,궁채 장아찌,권영원 소담정찬
페트리셔스 토카이 푸르민트,술,와인,ALCOHOL,화이트 와인,페트리셔스
주라12년,술,기타 주류,ALCOHOL,위스키,주라
판티니 에디찌오네,술,와인,ALCOHOL,레드 와인,판티니
[김구원선생] 국산 두부로 만든 두부곤약 우동,간편식,밀키트,RTC_MEAL,밀키트,김구원선생
호세쿠엘보 플라티노,술,기타 주류,ALCOHOL,데낄라,호세쿠엘보
[롯데칠성] 오트몬드 오리지날,음료,주스,BEVERAGE,오트음료,롯데칠성
[레인저스벨리] 호주산 흑소 MB3+ 본갈비살,육류/계란,소고기,RAW_MEAT,갈비살,레인저스벨리
[더본푸드] 놀부가 반해버린 쌀뻥,간식류,과자/스낵,SNACK,뻥튀기,더본푸드
[마즈] 이클립스 베스트믹스,간식류,초콜릿/사탕,SNACK,이클립스,마즈
[넛츠그린] 저당 저칼로리 딸기잼,상온식품,잼/스프레드,SAUCE_SEASONING,딸기잼,넛츠그린
[맥케인] 케이준 후라이,간편식,냉동식품,FROZEN_MEAL,감자튀김,맥케인
[기라델리] 녹여쓰는 초콜릿,간식류,초콜릿/사탕,SNACK,초콜릿,기라델리
[매일유업] 바이오 요거트,유제품,요거트,DAIRY,요거트,매일유업
몽그라스 인트리가 막시마,술,와인,ALCOHOL,레드 와인,몽그라스
[디 바르베로] 그린 틴케이스 초콜릿,간식류,초콜릿/사탕,SNACK,초콜릿,디 바르베로
[로컬스톡] 유기농 잡곡,채소/곡물류,쌀/잡곡,GRAIN,잡곡,로컬스톡
[그레타] 허브 크래커,간식류,과자/스낵,SNACK,크래커,그레타
[런던베이글뮤지엄] 베이글 & 크림치즈,간식류,빵류,BAKERY,베이글,런던베이글뮤지엄
오프리 리저브 화이트 포트,술,와인,ALCOHOL,레드 와인,오프리
[경주천년한우] 1++ 한우 불고기용 (냉장),육류/계란,소고기,RAW_MEAT,불고기,경주천년한우
[고메] 바삭탱글한 칠리새우,간편식,냉동식품,FROZEN_MEAL,칠리새우,고메
도멘 생 미셸 브뤼 로제,술,와인,ALCOHOL,스파클링 와인,도멘 생 미셸
[맛의명태자] 냉장 명란,수산물,어란,RAW_SEAFOOD,명란,맛의명태자
크레스만 그랑 리저브 보르도 레드,술,와인,ALCOHOL,레드 와인,크레스만
[디벨라] 통밀 파스타,채소/곡물류,면류,GRAIN,파스타 면,디벨라
[농협] 우리쌀 통가래떡,간식류,떡,SNACK,가래떡,농협
[대한제일미] 시월미소미 쌀,채소/곡물류,쌀/잡곡,GRAIN,쌀,대한제일미
[동화약품] 부채표 까스활,기타,기타,UNKNOWN,까스활명수,동화약품
[고래사] 야채가득 사각어묵,수산물,어육가공식품,SIMPLE_PROCESSED,어묵,고래사
[로카] 네덜란드 전통 치즈 크래커,간식류,과자/스낵,SNACK,크래커,로카
[광동] 컬처렐 키즈패킷,기타,기타,UNKNOWN,유산균,광동
[롯데] 크런키 더블크런치바 미니 스트로베리 & 바나나,간식류,초콜릿/사탕,SNACK,초코바,롯데
칸티 핑크 블라썸 스위트 레드,술,와인,ALCOHOL,레드 와인,칸티
[디나닥스] 디나닥스 에너지,기타,기타,UNKNOWN,에너지 젤리,디나닥스
건 파우더 진 오렌지,술,기타 주류,ALCOHOL,진,드럼샨보
[네이처오다] 달칩 초코샌드,간식류,과자/스낵,SNACK,초코샌드,네이처오다
[뉴트리코어] 멀티비타민미네랄 이뮨샷,기타,기타,UNKNOWN,멀티 비타민,뉴트리코어
[룩트] 아이슬란딕 요거트볼,유제품,요거트,DAIRY,요거트,룩트
[레디큐] 숙취해소 드링크 플러스,기타,기타,UNKNOWN,숙취해소제,레디큐
[맛의고수] 황금호박고구마스틱 곱빼기,간식류,과자/스낵,SNACK,고구마 스틱,맛의고수
[Kim's butcher] 미국산 소고기 샤브샤브용 (냉동),육류/계란,소고기,RAW_MEAT,샤브샤브용 소고기,Kim's butcher
[대상웰라이프] 뉴케어 올프로틴 버라이어티팩,기타,기타,UNKNOWN,프로틴,대상웰라이프
[그리스 프리미엄 쿠키] 쿠라비에 화이트 스노우 초코 & 아몬드,간식류,과자/스낵,SNACK,쿠라비에,그리스 프리미엄 쿠키
[농심] 짜왕,간편식,라면,INSTANT,짜왕,농심
[덕화명란] MSC인증 한끼 한포 명란,수산물,어란,RAW_SEAFOOD,명란,덕화명란
[라라스윗] 저당 쭈쭈바,간식류,디저트/케이크,BAKERY,아이스크림,라라스윗
[르 와플] 길거리 와플,간식류,디저트/케이크,BAKERY,와플,르 와플
[김구원선생] 두부 콩나물국,간편식,밀키트,RTC_MEAL,밀키트,김구원선생
커맨더 스무스 보드카,술,기타 주류,ALCOHOL,보드카,쿠이만스
[대상웰라이프] 마이밀 뉴프로틴 산양유 단백질,기타,기타,UNKNOWN,단백질,대상웰라이프
[TV홈쇼핑정품 인포벨]선유가 오세경어부 싱싱두툼 완도 매생이 톡 세척 동결건조 블록 떡국 죽 건매생이 ,수산물,미역/다시마,DRIED_SEAFOOD,매생이,TV홈쇼핑정품 인포벨
[다담] 상온 양념,조미료,양념/소스,SAUCE_SEASONING,양념,다담
[기장물산] 비빔밥용 해초샐러드,간편식,밀키트,RTC_MEAL,밀키트,기장물산
핫카이산 토쿠베츠혼죠조,술,기타 주류,ALCOHOL,사케,핫카이 양조
샤또 그랑페랑 보르도 비네암 ,술,와인,ALCOHOL,레드 와인,보르도 비네암
[건어물상회] 멸치디포리 다시팩,조미료,조미료,SAUCE_SEASONING,다시팩,건어물상회
[더리얼] 비타민 D 5000IU,기타,기타,UNKNOWN,비타민,더리얼
[린트] 스위스 클래식 초콜릿,간식류,초콜릿/사탕,SNACK,초콜릿,린트
[김구원선생] 우삼겹 순두부찌개,간편식,밀키트,RTC_MEAL,밀키트,김구원선생
[남양] 아인슈타인 DHA 우유,유제품,우유/두유,DAIRY,우유,남양
[Kurly's] 동물복지 유정란,육류/계란,계란,RAW_MEAT,계란,Kurly's
[KF365] 한돈 깍둑 항정 구이용 (냉장),육류/계란,돼지고기,RAW_MEAT,항정살,KF365
하쿠시카 호화 준마이 다이긴죠,술,기타 주류,ALCOHOL,사케,다츠우마혼케 주조
[경주천년한우] 1++ 한우 불고기용 (냉장),육류/계란,소고기,RAW_MEAT,불고기,경주천년한우
다카라 후라노 멜론,술,기타 주류,ALCOHOL,리큐르,다카라 주조
[더오담] 한입 땅콩강정,간식류,과자/스낵,SNACK,강정,더오담
샤또 르 퓌 에밀리앙,술,와인,ALCOHOL,레드 와인,샤또 르 퓌
샴페인 드라피에 그랑드 상드레,술,와인,ALCOHOL,스파클링 와인,드라피에
[마이크고메] 화이트트러플 오일,조미료,식용유/기름,SAUCE_SEASONING,트러플 오일,마이크고메
[매일] 마이 카페라떼 파르페,간식류,디저트/케이크,BAKERY,파르페,매일
[리터스포트] 미니 초콜릿믹스 타워 8P,간식류,초콜릿/사탕,SNACK,초콜릿,리터스포트
[KF365] 실속 바나나,과일/견과류,과일,RAW_FRUIT,바나나,KF365
[QBB] 치즈 디저트 스트로베리,유제품,치즈,DAIRY,치즈,QBB
[마이디벨] 해쉬브라운 10+10,간편식,냉동식품,FROZEN_MEAL,해쉬브라운,마이디벨
[녹색한우] 한우 육포,육류/계란,소고기,RAW_MEAT,육포,녹색한우
그로브밀 소비뇽 블랑,술,와인,ALCOHOL,화이트 와인,그로브밀
[맥심] 디카페인 커피믹스,음료,커피/차,BEVERAGE,믹스커피,맥심
[건어물상회] 국물용멸치,수산물,멸치/건어물,DRIED_SEAFOOD,멸치,건어물상회
[김수사] 국산 게로 만든 게장,수산물,새우/게,RAW_SEAFOOD,게장,김수사
[루토사] 슈스트링 포테이토 프라이,간편식,냉동식품,FROZEN_MEAL,감자튀김,루토사
[낫띵베럴] 식후리턴,기타,기타,UNKNOWN,식후리턴,낫띵베럴
[교토퍼펙트말차] 휘낭시에,간식류,빵류,BAKERY,휘낭시에,교토퍼펙트말차
[둥구나무] 오이소박이,간편식,반찬류,SIMPLE_PROCESSED,오이소박이,둥구나무
[고래주방] 우리쌀 한입 가래떡,간식류,떡,SNACK,가래떡,고래주방
산미구엘 페일 필젠 캔,술,맥주,ALCOHOL,맥주,산미구엘
[널담] 아메리칸 쿠키,간식류,과자/스낵,SNACK,쿠키,널담
[8APM] 딥 나잇 멜라시럽,기타,기타,UNKNOWN,멜라시럽,8APM
[1901] 이베리코 베요타 하몽 슬라이스,육류/계란,가공육(햄/소시지),PROCESSED_MEAT,하몽,1901
[동원] 그릴리 직화 델리햄,육류/계란,가공육(햄/소시지),PROCESSED_MEAT,햄,동원
[VASAK] 김부각 지퍼백,상온식품,김/자반,DRIED_SEAFOOD,김부각,VASAK
[맥널티바이오] 가볍게 비우는 푸룬 푸루룬,기타,기타,UNKNOWN,푸루룬,맥널티바이오
[리터스포트] 큐브 초콜릿 골든 에디션,간식류,초콜릿/사탕,SNACK,초콜릿,리터스포트
[La bocca] 레드벨벳케이크,간식류,디저트/케이크,BAKERY,케이크,La bocca
[김수사] 황게로 만든 게장,수산물,새우/게,RAW_SEAFOOD,게장,김수사
아이덴티티 보드카 베리,술,기타 주류,ALCOHOL,보드카,까사 마에스트리
[드시모네] 베이비 스텝2,기타,기타,UNKNOWN,유산균,드시모네
[돈시몬] 착즙 레몬주스,음료,주스,BEVERAGE,레몬주스,돈시몬
[고메] 소바바치킨 양념 순살,간편식,냉동식품,FROZEN_MEAL,치킨,고메
[교토마블] 통밀 데니쉬 식빵,간식류,빵류,BAKERY,식빵,교토마블
[KF365] 청양고추,채소/곡물류,채소,RAW_PRODUCE,청양고추,KF365
[그릭오] 띠크 그릭요거트,유제품,요거트,DAIRY,그릭요거트,그릭오
[다담] 상온 양념,조미료,양념/소스,SAUCE_SEASONING,양념,다담
[KF365] 친환경 표고버섯,채소/곡물류,버섯,RAW_PRODUCE,표고버섯,KF365
[Fage] 프루요 플레이버 그릭 요거트,유제품,요거트,DAIRY,그릭요거트,Fage
하이네켄 케그,술,맥주,ALCOHOL,맥주,하이네켄
[Project H] 제로 레몬 파운드 케이크,간식류,디저트/케이크,BAKERY,케이크,Project H
[김정환홍삼] 홍삼 쌍화,음료,주스,BEVERAGE,쌍화탕,김정환홍삼
[dole] 후룻볼 복숭아 팩,간식류,디저트/케이크,BAKERY,과일컵,dole
[내츄럴플러스] 기억력케어 앤 유산균,기타,기타,UNKNOWN,유산균,내츄럴플러스
스톨리치나야 골드 보드카,술,기타 주류,ALCOHOL,보드카,스톨리치나야
[CJ] 행복한콩 국산콩 두부 부침찌개 겸용,채소/곡물류,콩/두부,SIMPLE_PROCESSED,두부,CJ
[둥구나무] 통들깨 묵은지 들기름지짐,간편식,레트로트,RTC_MEAL,레트로트,둥구나무
[매일유업] 바이오 요거트 딸기,유제품,요거트,DAIRY,요거트,매일유업
[KF365] 생 등심 돈까스 (냉장),간편식,밀키트,RTC_MEAL,돈까스,KF365
[매일] 우유속에 코코아 락토프리,유제품,우유/두유,DAIRY,초코우유,매일
[농협] 아름찬 떡볶이떡,간편식,떡,SNACK,떡볶이 떡,농협
[뉴믹스] 에어 오리지널맛 저당 커피 파우더 스틱,음료,커피/차,BEVERAGE,커피 파우더,뉴믹스
[르까도드마비] 타르트 퍼플벌룬,간식류,디저트/케이크,BAKERY,타르트,르까도드마비
[드시모네] 베이비 스텝1 박스,기타,기타,UNKNOWN,유산균,드시모네
[RARE : 레어] 1++ 한우 뉴욕스트립 스테이크,육류/계란,소고기,RAW_MEAT,채끝살,RARE : 레어
[마정기름집] 프리미엄 국산 햇참기름,조미료,식용유/기름,SAUCE_SEASONING,참기름,마정기름집
[남도2대명가] 색색 하루해초 샐러드,간편식,샐러드팩,RTC_MEAL,샐러드,남도2대명가
[넛츠앤베리스] 건블루베리,과일/견과류,과일,RAW_FRUIT,블루베리,넛츠앤베리스
[그린몬스터] 다이어트 하비탈출,기타,기타,UNKNOWN,하비탈출,그린몬스터
[루토사] 벨지안 모둠 감자,간편식,냉동식품,FROZEN_MEAL,감자튀김,루토사
[겐츠베이커리] 쿠키 세트,간식류,과자/스낵,SNACK,쿠키,겐츠베이커리
[로카] 네덜란드 전통 치즈 크래커,간식류,과자/스낵,SNACK,크래커,로카
올트모어21년,술,기타 주류,ALCOHOL,위스키,올트모어
"산 페드로, 9라이브스리저브리즐링",술,와인,ALCOHOL,화이트 와인,산 페드로
아린자노 그란 비노 블랑코,술,와인,ALCOHOL,화이트 와인,아린자노
[그릭데이] 리얼카카오 그래놀라,과일/견과류,견과류,RAW_FRUIT,그래놀라,그릭데이
메나쥬 아 트로와 미드나잇 레드,술,와인,ALCOHOL,레드 와인,메나쥬 아 트로와
[네스프레소 버츄오] 코스타리카 커피 캡슐,음료,커피/차,BEVERAGE,커피 캡슐,네스프레소 버츄오
[롯데웰푸드] 티코,간식류,디저트/케이크,BAKERY,아이스크림,롯데웰푸드
라 리오하 알타 핀카 마르텔로 리제르바,술,와인,ALCOHOL,레드 와인,라 리오하 알타
[땡큐장] 표고깡장 땡초장,조미료,양념/소스,SAUCE_SEASONING,땡초장,땡큐장
라가불린16년,술,기타 주류,ALCOHOL,위스키,라가불린
[피쿠알리아] 퍼스트 데이 하베스트 리미티드 에디션 피쿠알 엑스트라버진,조미료,식용유/기름,SAUCE_SEASONING,올리브유,피쿠알리아
[고메] 클래식 콤비네이션 피자,간편식,냉동식품,FROZEN_MEAL,피자,고메
[마즈] 엠앤엠즈 블록 아몬드,과일/견과류,견과류,RAW_FRUIT,아몬드,마즈
[BNR17] 비에날씬 플러스,기타,기타,UNKNOWN,플러스,BNR17
글렌카담15년,술,기타 주류,ALCOHOL,위스키,글렌카담
[매일] 소화가 잘되는 우유,유제품,우유/두유,DAIRY,우유,매일
[기라델리] 스퀘어백 초콜릿,간식류,초콜릿/사탕,SNACK,초콜릿,기라델리
윌더니스 하이라이 버번,술,기타 주류,ALCOHOL,위스키,윌더니스 트레일
[HBAF] 허니버터 아몬드,과일/견과류,견과류,RAW_FRUIT,아몬드,HBAF
[KF365] 한돈 부위별 대용량 가성비,육류/계란,돼지고기,RAW_MEAT,돼지고기,KF365
[Picard] 베샤멜 소스,조미료,양념/소스,SAUCE_SEASONING,베샤멜,Picard
[더브레드블루] 저당 모닝빵,간식류,빵류,BAKERY,모닝빵,더브레드블루
[FELT] 오리지널 콜드브루,음료,커피/차,BEVERAGE,커피,FELT
[SEMIWON] 왕어혈교,간편식,냉동식품,FROZEN_MEAL,만두,SEMIWON
[김정환홍삼] 홍삼 배도라지,기타,기타,UNKNOWN,배도라지,김정환홍삼
집집락 샤도네이,술,와인,ALCOHOL,화이트 와인,집집락
[그로서리서울] 찰보리 흑미 곤약밥,간편식,즉석밥,INSTANT,즉석밥,그로서리서울
[레스토랑 알렌 Allen] 라구 에그 생면 파스타,간편식,밀키트,RTC_MEAL,밀키트,레스토랑 알렌 Allen
[KF365] 도톰 한돈 동그랑땡 (냉동),간편식,냉동식품,FROZEN_MEAL,동그랑땡,KF365
[김소영 아티장의 안단테] 포인트 레이스 토마,유제품,치즈,DAIRY,치즈,김소영 아티장의 안단테
[MD's pick] 고당도 삼색 과일세트,과일/견과류,과일,RAW_FRUIT,과일세트,MD's pick
[룰루맘] 우리아이 맑은습관 도라지배,기타,기타,UNKNOWN,배도라지,룰루맘
[도드람한돈] 도깨비살(앞다리) 구이용 (냉장),육류/계란,돼지고기,RAW_MEAT,앞다리살,도드람한돈
[ORGA] 검정콩 모닝빵,간편식,빵류,BAKERY,모닝빵,ORGA
[Biscuiterie de Provence]아몬드&밤 케이크,간식류,디저트/케이크,BAKERY,케이크,Biscuiterie de Provence
[로우슈가랩] 프로틴 단백질 쉐이크,기타,기타,UNKNOWN,프로틴,로우슈가랩
[마마리] 우리쌀 떡국,간편식,밀키트,RTC_MEAL,밀키트,마마리
[Dole] 그린 파파야,과일/견과류,과일,RAW_FRUIT,파파야,Dole
[돌아와요부산어묵] 땡초봉 어묵,수산물,어육가공식품,SIMPLE_PROCESSED,어묵,돌아와요부산어묵
[KF365] 한돈 가브리살 (수육 구이용),육류/계란,돼지고기,RAW_MEAT,가브리살,KF365
메종 카스텔 아이스 뀌베 로제,술,와인,ALCOHOL,스파클링 와인,카스텔
[도리깨침] 도토리묵 무침,간편식,반찬류,SIMPLE_PROCESSED,도토리묵 무침,도리깨침
[ardo] 냉동브로콜리,채소/곡물류,채소,RAW_PRODUCE,브로콜리,ardo
[더플랜] 목련 어묵탕,간편식,밀키트,RTC_MEAL,밀키트,더플랜
[마마리] 소고기 무국,간편식,레트로트,RTC_MEAL,레트로트,마마리
[램테이블] 호주산 바질 양꼬치,육류/계란,양고기,RAW_MEAT,양꼬치,램테이블
[룩트] 아이슬란딕 요거트,유제품,요거트,DAIRY,요거트,룩트
[고메공방] 계란빵,간식류,빵류,BAKERY,계란빵,고메공방
[마이셰프] 한우 소고기 무국,간편식,밀키트,RTC_MEAL,밀키트,마이셰프
[Kim's butcher] 호주산 소고기 샤브샤브(냉동),육류/계란,소고기,RAW_MEAT,샤브샤브용 소고기,Kim's butcher
[25-26 햇올리브][까사스 디 후알도] 피쿠알 엑스트라버진,조미료,식용유/기름,SAUCE_SEASONING,올리브유,25-26 햇올리브
[더오담] 한입 현미 강정,간식류,과자/스낵,SNACK,강정,더오담
[광동생활건강] 배도라지쌍화스틱,기타,기타,UNKNOWN,배도라지쌍화스틱,광동생활건강
[둥구나무] 산채나물 비빔밥,간편식,밀키트,RTC_MEAL,밀키트,둥구나무
[로트벡쉔] 브레인 헬스 바이탈,기타,기타,UNKNOWN,바이탈,로트벡쉔
[권영원 소담정찬] 무염 청국장 (냉동),조미료,양념/소스,SAUCE_SEASONING,청국장,권영원 소담정찬
아사히 쇼쿠사이,술,맥주,ALCOHOL,맥주,아사히
[마즈] 스니커즈 미니스 초콜릿바,간식류,초콜릿/사탕,SNACK,초코바,마즈
[경자국밥] 인기 국밥,간편식,레트로트,RTC_MEAL,레트로트,경자국밥
[다시다] 프리미엄 골드 멸치디포리,수산물,멸치/건어물,DRIED_SEAFOOD,멸치,다시다
[군산 이성당] 카레 고로케,간편식,빵류,BAKERY,고로케,군산 이성당
[동원] 맛참 고소참기름,조미료,식용유/기름,SAUCE_SEASONING,참기름,동원
[도라지청년] 수제한입도라지정과,간식류,디저트/케이크,BAKERY,정과,도라지청년
[달롤] 저당 글루텐프리 롤케이크,간식류,디저트/케이크,BAKERY,롤케이크,달롤
[마켓오네이처] 오!그래놀라 다이제,상온식품,시리얼,GRAIN,시리얼,마켓오네이처
칵번 스페셜 리저브 포트,술,와인,ALCOHOL,레드 와인,칵번
[롯데] 가나 마일드,간식류,초콜릿/사탕,SNACK,초콜릿,롯데
[KF365] 깐대파,채소/곡물류,채소,RAW_PRODUCE,대파,KF365
[마르티네즈] 세라노 초리조,육류/계란,가공육(햄/소시지),PROCESSED_MEAT,햄,마르티네즈
[GNC] 맨 멀티비타민 앤 미네랄,기타,기타,UNKNOWN,멀티비타민,GNC
레드우드 엠파이어 위스키 버번,술,기타 주류,ALCOHOL,위스키,레드우드 엠파이어
[뉴오리진] 에스트리션 유한백수오 퓨어,기타,기타,UNKNOWN,백수오,뉴오리진
[닥터넛츠] 저당 다크초콜릿 견과,간식류,초콜릿/사탕,SNACK,초코 견과류,닥터넛츠
[KF365] 방울토마토,채소/곡물류,채소,RAW_PRODUCE,방울토마토,KF365
[뉴델리 :진한 인도 커리의 맛] 인도 난,간식류,빵류,BAKERY,난,뉴델리 :진한 인도 커리의 맛
글렌카담 아메리칸 오크 리저브,술,기타 주류,ALCOHOL,위스키,글렌카담
[다시다] 프리미엄 골드 멸치디포리,수산물,멸치/건어물,DRIED_SEAFOOD,멸치,다시다
[그라나롤로] 부라타 치즈 (냉동),유제품,치즈,DAIRY,치즈,그라나롤로
[라티브] 올리브레몬샷,기타,기타,UNKNOWN,올리브레몬,라티브
탐나불린 셰리 캐스크,술,기타 주류,ALCOHOL,위스키,탐나불린
[KF365] 한돈 삼겹 목살 등갈비 모둠 (냉장),육류/계란,돼지고기,RAW_MEAT,돼지고기,KF365
[My little recipe] 사리듬뿍 순살 닭갈비,간편식,밀키트,RTC_MEAL,밀키트,My little recipe
[강릉상회] 손질멸치,수산물,멸치/건어물,DRIED_SEAFOOD,멸치,강릉상회
[꾸악] 스페인 유기농 엑스트라버진,조미료,식용유/기름,SAUCE_SEASONING,올리브유,꾸악
[넛츠앤베리스] 프로틴믹스넛w,과일/견과류,견과류,RAW_FRUIT,견과류,넛츠앤베리스
들라스 꼬뜨 뒤 론 생 떼스프리,술,와인,ALCOHOL,레드 와인,들라스
[대천김] 구이김밥용김,상온식품,김/자반,DRIED_SEAFOOD,김,대천김
시가시티 마두로,술,맥주,ALCOHOL,맥주,시가시티 브루잉
[CJ] 가벼운 고단백 두부면,채소/곡물류,면류,GRAIN,두부면,CJ
[떡미당] 굳지않는 앙버터 절편,간식류,떡,SNACK,절편,떡미당
로스 바스코스 크로마스 까르미네르 그란 리제르바,술,와인,ALCOHOL,레드 와인,비냐 로스 바스코스
[CJ] 매콤달콤 생쫄면,간편식,밀키트,RTC_MEAL,밀키트,CJ
예거 마이스터,술,기타 주류,ALCOHOL,리큐르,볼펜뷔텔
그랜트 버지 필셀 바로사 올드바인 쉬라즈 ,술,와인,ALCOHOL,레드 와인,그랜트 버지
[넛쏘굿] 몸에 좋은 믹스넛,과일/견과류,견과류,RAW_FRUIT,견과류,넛쏘굿
[경복궁 BLACK] 한우 사골 고기 곰탕,간편식,밀키트,RTC_MEAL,밀키트,경복궁 BLACK
[Picard] 메뉘에르식 가자미 튀김,간편식,냉동식품,FROZEN_MEAL,생선튀김,Picard
파머스 립 필러 박스 레드,술,와인,ALCOHOL,레드 와인,파머스 립
[녹색한우] 무항생제 1+ 한우 안심 이유식용,육류/계란,소고기,RAW_MEAT,안심,녹색한우
[Dole] 특선 바나나,과일/견과류,과일,RAW_FRUIT,바나나,Dole
[HUGO&VICTOR] 파운드 케이크,간식류,디저트/케이크,BAKERY,케이크,HUGO&VICTOR
[Graze Cattle]자유방목 호주산 소고기 목초 부채살 스테이크,육류/계란,소고기,RAW_MEAT,부채살,Graze Cattle
[말돈] 플레이크 소금,조미료,조미료,SAUCE_SEASONING,소금,말돈
[99소시지] 삼겹 후랑크 소시지,육류/계란,가공육(햄/소시지),PROCESSED_MEAT,소시지,99소시지
[덴프스] 덴마크 유산균이야기,기타,기타,UNKNOWN,유산균,덴프스
[Fairday] 공정무역 바른 건망고,과일/견과류,과일,RAW_FRUIT,망고,Fairday
[동광젓갈] 백명란젓,간편식,반찬류,SIMPLE_PROCESSED,명란젓,동광젓갈
[Ansem] 오세트라 캐비아,수산물,어란,RAW_SEAFOOD,캐비아,Ansem
[김소영 아티장의 안단테] 벨레트왈 크리미 슬라이스,유제품,치즈,DAIRY,치즈,김소영 아티장의 안단테
[Dole] 후룻팝,음료,주스,BEVERAGE,과채주스,Dole
[널담] 완전영양식빵,간식류,빵류,BAKERY,식빵,널담
[감코리아]곶감 쏙 치즈 시리즈,간식류,디저트/케이크,BAKERY,곶감,감코리아
[Kurly's] R15 통밀 모닝롤,간식류,빵류,BAKERY,모닝빵,Kurly's
[가토미작] 망고 그릭요거트 보틀 케이크,유제품,요거트,DAIRY,그릭요거트,가토미작
[농협] [25년산 햇곡] 강원 신림농협 국산 백태,채소/곡물류,콩/두부,SIMPLE_PROCESSED,백태,농협
[1등급 한우] 등심 구이용 (냉장),육류/계란,소고기,RAW_MEAT,등심,1등급 한우
[남양] 떠먹는 불가리스 플레인,유제품,요거트,DAIRY,요거트,남양
타이거 오리지널,술,맥주,ALCOHOL,맥주,타이거
플라티노 블루 모스카토,술,와인,ALCOHOL,스파클링 와인,J. 가르시아 카리온
몽그라스 안투 쉬라,술,와인,ALCOHOL,레드 와인,몽그라스
[G7] 퓨어블랙 라이트,음료,커피/차,BEVERAGE,커피,G7
[녹차원] 제로슈가 차,음료,커피/차,BEVERAGE,차,녹차원
탐나불린 쇼비뇽 블랑,술,기타 주류,ALCOHOL,위스키,탐나불린
크러시,술,맥주,ALCOHOL,맥주,롯데칠성음료
[롯데] 프리미엄 가나 마카다미아,과일/견과류,견과류,RAW_FRUIT,마카다미아,롯데
[맑은물에] 참좋은 국산콩 순두부,채소/곡물류,콩/두부,SIMPLE_PROCESSED,순두부,맑은물에
[룰루맘] 리얼치즈구마,간식류,디저트/케이크,BAKERY,고구마 스틱,룰루맘
[KF365] 노르웨이 고등어,수산물,생선,RAW_SEAFOOD,고등어,KF365
[마니커에프앤지] 옛날통닭 바사삭 치킨윙,간편식,냉동식품,FROZEN_MEAL,치킨,마니커에프앤지
[레인코스트] 크리스프 크래커,간식류,과자/스낵,SNACK,크래커,레인코스트
[Chai797] 새우 듬뿍 하가우,간편식,냉동식품,FROZEN_MEAL,만두,Chai797
[드시모네] 프리미엄 플러스,기타,기타,UNKNOWN,유산균,드시모네
[HBAF] 다크초코 프레첼,간식류,과자/스낵,SNACK,프레첼,HBAF
[담양갈비창고] 한돈 한판 바싹불고기,육류/계란,소고기,RAW_MEAT,불고기,담양갈비창고
[고메] 클래식 콤비네이션 피자,간편식,냉동식품,FROZEN_MEAL,피자,고메
[건나물] 건가지,채소/곡물류,채소,RAW_PRODUCE,가지,건나물
[덴마크] 덴마크 하이 그릭 프로즌 아이스크림,유제품,요거트,DAIRY,아이스크림,덴마크
[Picard] 초콜릿 라바 케이크,간식류,디저트/케이크,BAKERY,케이크,Picard
컨트리 레인 솔티드 카라멜,술,기타 주류,ALCOHOL,리큐르,(주)에프제이코리아
[드로게리아] 페퍼론치노밀 (그라인더),조미료,조미료,SAUCE_SEASONING,페퍼론치노,드로게리아
[매일] 폴바셋 어메이징 오트 커피,음료,커피/차,BEVERAGE,오트 커피,매일
[떡미당] 크림가득 찹쌀떡,간식류,떡,SNACK,찹쌀떡,떡미당
[강고집] 바삭 구운 순살먹태,수산물,멸치/건어물,DRIED_SEAFOOD,먹태,강고집
[RARE : 레어] 1++ 한우 차돌박이 슬라이스,육류/계란,소고기,RAW_MEAT,차돌박이,RARE : 레어
[김소형원방] 목편한 무꿀배 스틱,기타,기타,UNKNOWN,무꿀배 스틱,김소형원방
[녹색한우] 무항생제 1+ 한우 안심 구이용 (냉장),육류/계란,소고기,RAW_MEAT,안심,녹색한우
[둥구나무] 계란말이,간편식,반찬류,SIMPLE_PROCESSED,계란말이,둥구나무
구로키 혼텐 잃어버린 시간을 찾아서 ,술,기타 주류,ALCOHOL,사케,구로키 혼텐
[마이노멀 x YOZM] 저당 그릭요거트 애플시나몬,유제품,요거트,DAIRY,그릭요거트,마이노멀 x YOZM
[둥구나무] 산채나물 비빔밥 세트,간편식,밀키트,RTC_MEAL,밀키트,둥구나무
[기획상품][Dole] 스위티오 실속 파인애플,과일/견과류,과일,RAW_FRUIT,파인애플,기획상품
[매일] 소화가 잘되는 우유 저지방,유제품,우유/두유,DAIRY,우유,매일
[Kim's butcher] 미국산 돼지고기 샤브샤브 (냉동),육류/계란,돼지고기,RAW_MEAT,샤브샤브용 돼지고기,Kim's butcher
[고래사] 야채가득 사각어묵,수산물,어육가공식품,SIMPLE_PROCESSED,어묵,고래사
[김구원선생] 유기농 숙주나물,채소/곡물류,채소,RAW_PRODUCE,숙주나물,김구원선생
프라팡15년,술,기타 주류,ALCOHOL,브랜디,프라팡
[감코리아] 월하시 팩,간식류,디저트/케이크,BAKERY,곶감,감코리아
고세 그랑 밀레짐 브뤼,술,와인,ALCOHOL,스파클링 와인,고세
[마이너피겨스] 유기농 오트음료,음료,주스,BEVERAGE,오트음료,마이너피겨스
[강훈목장] 수제 그릭요거트 시그니처,유제품,요거트,DAIRY,그릭요거트,강훈목장
[건어물상회] 한입에 쏙 치즈 오징어,간식류,과자/스낵,SNACK,치즈 오징어,건어물상회
[LITTLENECK] 리틀넥 비프 머쉬룸 리조또,간편식,밀키트,RTC_MEAL,밀키트,LITTLENECK
[김재식헬스푸드] 포도씨 담은 포도즙,음료,주스,BEVERAGE,포도즙,김재식헬스푸드
[KF365] 에어프라이어용 닭가슴살 미니 카츠,유제품,우유/두유,DAIRY,초코우유,KF365
[돌아와요부산어묵] 특상천 어묵,수산물,어육가공식품,SIMPLE_PROCESSED,어묵,돌아와요부산어묵
[대천김] 곱창 캔김,상온식품,김/자반,DRIED_SEAFOOD,김,대천김
[네스프레소] 페스티브 시나몬 타마린드향 커피 캡슐,음료,커피/차,BEVERAGE,커피캡슐,네스프레소
[매일] 허쉬 초콜릿 드링크 바나나,유제품,우유/두유,DAIRY,초코우유,매일
[담터] 콘푸레이크천마차,음료,커피/차,BEVERAGE,천마차,담터
레몬 레이슈,술,기타 주류,ALCOHOL,사케,기쿠마사무네주조
[내츄럴플러스] 혈당케어 유산균,기타,기타,UNKNOWN,유산균,내츄럴플러스
[땡스오트] 리얼 그래놀라,상온식품,시리얼,GRAIN,그래놀라,땡스오트
[YOZM] 플레인 그릭요거트,유제품,요거트,DAIRY,그릭요거트,YOZM
[동원] 바른어묵 사각 (갈치 실꼬리돔),수산물,어육가공식품,SIMPLE_PROCESSED,어묵,동원
[땅끝농협] 국산 다진마늘,채소/곡물류,채소,RAW_PRODUCE,마늘,땅끝농협
닷사이 준마이 다이긴죠 45,술,기타 주류,ALCOHOL,사케,아사히 주조
단즈카 애플,술,기타 주류,ALCOHOL,보드카,단즈카
[Picard] 홀밀크 케이크,간식류,디저트/케이크,BAKERY,케이크,Picard
[동원] 양반 찍먹 김부각,기타,기타,UNKNOWN,김부각,동원
[로로멜로] 아이스 생초콜릿,간식류,초콜릿/사탕,SNACK,초콜릿,로로멜로
[꼬손] 껍질벗긴 들깨가루,조미료,가루분말,SAUCE_SEASONING,들깨가루,꼬손
[교토퍼펙트말차] 파운드 케이크,간식류,디저트/케이크,BAKERY,케이크,교토퍼펙트말차
[다이센] 과일 아이스바,간식류,디저트/케이크,BAKERY,아이스크림,다이센
[둥구나무] 햄감자채볶음,간편식,반찬류,SIMPLE_PROCESSED,감자채볶음,둥구나무
[라라스윗] 저당 생요거트바,간식류,디저트/케이크,BAKERY,아이스크림,라라스윗
헤이먼스 런던 드라이 진,술,기타 주류,ALCOHOL,진,헤이먼스
[마마리] 트러플 바질페스토,조미료,양념/소스,SAUCE_SEASONING,바질 페스토,마마리
[달라코스타] 유기농 파스타,채소/곡물류,면류,GRAIN,파스타면,달라코스타
[KF365] 컷팅파인애플 청크,과일/견과류,과일,RAW_FRUIT,파인애플,KF365
[닥터유] 프로 미니 단백바,간식류,과자/스낵,SNACK,프로틴바,닥터유
[만전김] 햇살과 바람이 길러낸 유기김 (조미),상온식품,김/자반,DRIED_SEAFOOD,김,만전김
[25-26 햇올리브][르구떼] 에코 나이트 엑스트라버진 오일,조미료,식용유/기름,SAUCE_SEASONING,올리브유,25-26 햇올리브
[닥터메타] 티컨트롤 요오드 1000,기타,기타,UNKNOWN,요오드,닥터메타
[네이처빌] 우리쌀 바지락 쌀칼국수,간편식,밀키트,RTC_MEAL,밀키트,네이처빌
[대흥] 염장해파리 (냉장),수산물,오징어/문어,RAW_SEAFOOD,해파리,대흥
[그랑퍼마쥬] 프랑스 씨솔트 천일염 버터,유제품,버터/생크림,DAIRY,버터,그랑퍼마쥬
[더브레드블루] 무화과깜빠뉴,간식류,빵류,BAKERY,깜빠뉴,더브레드블루
818데킬라블랑코,술,기타 주류,ALCOHOL,데낄라,818 데킬라
[니아르] 퓨어애사비,조미료,양념/소스,SAUCE_SEASONING,애플사이다비니거,니아르
[그릭오] 말차&홍차 그릭요거트,유제품,요거트,DAIRY,그릭요거트,그릭오
[닥터유] 저당 에너지바,간식류,과자/스낵,SNACK,에너지바,닥터유
[CJ] 자메이카 Style 치킨,간편식,냉동식품,FROZEN_MEAL,치킨,CJ
[노시타]화이트단무지,간편식,반찬류,SIMPLE_PROCESSED,단무지,노시타
[르루] 유기농 치커리 대체커피,음료,커피/차,BEVERAGE,대체 커피,르루
[KF365] 두툼한 국산 오징어채 (냉동),수산물,오징어/문어,RAW_SEAFOOD,오징어,KF365
[라라스윗] 스틱바 아이스크림,간식류,디저트/케이크,BAKERY,아이스크림,라라스윗
[대천김] 짜지 않은 재래김,상온식품,김/자반,DRIED_SEAFOOD,김,대천김
[HBAF] 먼투썬 하루견과 퍼플,과일/견과류,견과류,RAW_FRUIT,견과류,HBAF
부쉬밀12년싱글(신),술,기타 주류,ALCOHOL,위스키,부쉬밀
[KF365] 닭가슴살로 만든 닭갈비,간편식,밀키트,RTC_MEAL,밀키트,KF365
[Kurly's] 동물복지 닭 아랫날개 (윙),육류/계란,닭고기,RAW_MEAT,윙,Kurly's
오리지널 비어 컴퍼니 페도라 쾰시 (맥주),술,맥주,ALCOHOL,맥주,오리지널
[맥파이앤타이거] 논카페인 티머그,음료,커피/차,BEVERAGE,차,맥파이앤타이거
조니 워커 블루 라벨,술,기타 주류,ALCOHOL,위스키,조니워커
[더 샤퀴테리아] 이탈리안 살라미 오리지널&치즈 샘플러,육류/계란,가공육(햄/소시지),PROCESSED_MEAT,살라미,더 샤퀴테리아
[Chai797] 블랙하가우,간편식,냉동식품,FROZEN_MEAL,만두,Chai797
[그린너트] 아몬드분태,과일/견과류,견과류,RAW_FRUIT,아몬드 분말,그린너트
폴존 PX 셀렉트,술,기타 주류,ALCOHOL,위스키,존 디스틸러리즈
운드라가 테루아 헌터 까베르네 소비뇽,술,와인,ALCOHOL,레드 와인,운드라가
[KF365] 깐 계란,간편식,반찬류,SIMPLE_PROCESSED,삶은 계란,KF365
[나폴레옹] 유자 스폰지 케이크,간식류,디저트/케이크,BAKERY,케이크,나폴레옹
[Dole] 후룻컵 알로코코,간식류,디저트/케이크,BAKERY,과일컵,Dole
카쿠시구라,술,기타 주류,ALCOHOL,보리 쇼츄,하마다 주조
보데가스 까레 띤또 소브레 리아스,술,와인,ALCOHOL,레드 와인,보데가스
[노티드] 스마일 만쥬,간식류,빵류,BAKERY,만쥬,노티드
그랑크뤼 샴페인 마이 엑스트라 브뤼,술,와인,ALCOHOL,스파클링 와인,샴페인 마이
얀 뒤리유 럽 앤 핍,술,와인,ALCOHOL,화이트 와인,얀 뒤리유
[Yaam!] 크루통,간식류,빵류,BAKERY,다이스 식빵,Yaam!
아이덴티티 보드카 베리,술,기타 주류,ALCOHOL,보드카,카사 마에스트리
[라벨리] 빙수,간식류,디저트/케이크,BAKERY,빙수,라벨리
[dole] 후룻볼 복숭아 팩,간식류,디저트/케이크,BAKERY,과일컵,dole
[강릉상회] 황금빛 황태채,수산물,멸치/건어물,DRIED_SEAFOOD,황태,강릉상회
레칙10년,술,기타 주류,ALCOHOL,위스키,토버머리
[덴프스] 덴마크 유산균이야기 보자기,기타,기타,UNKNOWN,유산균,덴프스
[그리팅] 간편 용기죽,간편식,레트로트,RTC_MEAL,죽,그리팅
[KF365] 닭가슴살 샤브샤브 돌돌말이 (냉동),육류/계란,닭고기,RAW_MEAT,샤브샤브용 닭고기,KF365
마스미 아카,술,기타 주류,ALCOHOL,사케,미야사키 양조
[다시다] 명품 골드 쇠고기 96G,조미료,조미료,SAUCE_SEASONING,다시다,다시다
텐손 코우린,술,기타 주류,ALCOHOL,고구마 소주,카구라 주조
[동서] 애사비콤부차 피치패션프룻,음료,커피/차,BEVERAGE,콤부차,동서
얄리 리제르바 까르메네르,술,와인,ALCOHOL,레드 와인,얄리
[1등급 한우] 등심 구이용 (냉장),육류/계란,소고기,RAW_MEAT,등심,1등급 한우
[매일] 어메이징 오트 오리지널,음료,주스,BEVERAGE,오트음료,매일
[네스프레소 버츄오] 로스티드 헤이즐넛향 커피 캡슐,음료,커피/차,BEVERAGE,커피 캡슐,네스프레소 버츄오
[더오담] 가마솥 누룽지 (국내산),간식류,과자/스낵,SNACK,누룽지,더오담
조니워커 블랙,술,기타 주류,ALCOHOL,위스키,조니워커
[VASAK] 김부각 시그니처,상온식품,김/자반,DRIED_SEAFOOD,김부각,VASAK
[1901] 이베리코 세보 하몽 슬라이스,육류/계란,가공육(햄/소시지),PROCESSED_MEAT,하몽,1901
[도리깨침] 구절판,간편식,밀키트,RTC_MEAL,밀키트,도리깨침
[네스프레소 버츄오] 더블 에스프레소 키아로 커피 캡슐,음료,커피/차,BEVERAGE,커피 캡슐,네스프레소 버츄오
[리틀스페인] 문어 감바스 알 아히요,간편식,밀키트,RTC_MEAL,밀키트,리틀스페인
[레오나르디] 모데나산 발사믹 비니거 DOP,조미료,양념/소스,SAUCE_SEASONING,발사믹 식초,레오나르디
[랩노쉬] 단백쿠키바 골라담기,간식류,과자/스낵,SNACK,프로틴바,랩노쉬
[KF365] 16brix이상 고당도 상주 샤인머스켓,과일/견과류,과일,RAW_FRUIT,샤인머스켓,KF365
[26년 설] 화요53적마에디션,술,전통주,ALCOHOL,전통 소주,26년 설
[고래주방] 유부주머니 어묵탕,간편식,밀키트,RTC_MEAL,밀키트,고래주방
[남양] 불가리스 플레인 요거트,유제품,요거트,DAIRY,요거트,남양
[리치몬드 과자점] 베르그 슈타이거 호밀빵,간식류,빵류,BAKERY,호밀빵,리치몬드 과자점
[Picard] 버섯 고르곤졸라 타르트,간식류,디저트/케이크,BAKERY,타르트,Picard
[매일] 소화가 잘 되는 우유 초콜릿,간식류,초콜릿/사탕,SNACK,초콜릿,매일
[리코스] 나쵸,간식류,과자/스낵,SNACK,나쵸,리코스
[YOZM] 플레인 그릭요거트 소프트,유제품,요거트,DAIRY,그릭요거트,YOZM
[만나다] 유기농 바나나 내외,과일/견과류,과일,RAW_FRUIT,바나나,만나다
나흐트골드 베른아우스레제,술,와인,ALCOHOL,레드 와인,니흐트골드
[마이노멀] 저당 아이스크림,간식류,디저트/케이크,BAKERY,아이스크림,마이노멀
생 레미XO,술,기타 주류,ALCOHOL,브랜디,생 레미
[동원] Dole 컵젤리,간식류,디저트/케이크,BAKERY,젤리,동원
[만전김] 만전곱창돌김입니다,상온식품,김/자반,DRIED_SEAFOOD,김,만전김
[KF365] 1+ 한우 양지 덩어리 세절 (냉동),육류/계란,소고기,RAW_MEAT,양지,KF365
로르나노 끼안티 클라시코 리제르바 레 반디트,술,와인,ALCOHOL,레드 와인,로르나노
[마마리] 바질페스토 파스타 샐러드,간편식,밀키트,RTC_MEAL,밀키트,마마리
[더 더치] 스페셜 트라이 컬러 치즈,유제품,치즈,DAIRY,치즈,더 더치
[YOZM] 플레인 그릭요거트,유제품,요거트,DAIRY,그릭요거트,YOZM
[드시모네] 키즈 스텝1 딸기향 유산균,기타,기타,UNKNOWN,유산균,드시모네
보르도 비네암 바이오 풀 보르도,술,와인,ALCOHOL,레드 와인,보르도 비네암
봄베이 선셋,술,기타 주류,ALCOHOL,진,봄베이
[도제식빵] 순통밀 식빵,간식류,빵류,BAKERY,식빵,도제식빵
[리모데나] 유기농 화이트 콘디멘토,조미료,양념/소스,SAUCE_SEASONING,콘디멘토,리모데나
[[LOCOS BBQ] ] 치폴레 풀드 포크,간편식,레트로트,RTC_MEAL,레트로트,[LOCOS BBQ
[근대골목단팥빵] 우리맛 생크림 단팥빵,간식류,빵류,BAKERY,단팥빵,근대골목단팥빵
[뉴트리원] 초임계 알티지 오메가3 트리플,기타,기타,UNKNOWN,오메가3,뉴트리원
[더 샤퀴테리아] 블루미 살라미 까챠토레,육류/계란,가공육(햄/소시지),PROCESSED_MEAT,살라미,더 샤퀴테리아
[KF365] 노르웨이 생연어회&스테이크,간편식,밀키트,RTC_MEAL,밀키트,KF365
[갓지은] 흑미견과찰떡,간식류,떡,SNACK,찰떡,갓지은
[덴마크] 떠먹는 요거트 플레인,유제품,요거트,DAIRY,요거트,덴마크
[동광젓갈] 비빔오징어젓,간편식,반찬류,SIMPLE_PROCESSED,오징어 젓갈,동광젓갈
[마이노멀] 국산 저당 고추장,조미료,양념/소스,SAUCE_SEASONING,고추장,마이노멀
[덴마크] 후레쉬 모짜렐라,유제품,치즈,DAIRY,모짜렐라 치즈,덴마크
[마켓오] 구운김 톡스낵,상온식품,김/자반,DRIED_SEAFOOD,김,마켓오
[더리얼] 100억 유산균 2.0,기타,기타,UNKNOWN,유산균,더리얼
[감자밭] 인기 감자빵,간식류,빵류,BAKERY,감자빵,감자밭
부쉬밀 오리지널,술,기타 주류,ALCOHOL,위스키,부쉬밀
[라벨리] 깨먹는 티라미수 아이스크림,간식류,디저트/케이크,BAKERY,아이스크림,라벨리
[그녀의빵공장] 라우겐,간식류,빵류,BAKERY,라우겐,그녀의빵공장
[MD's Pick] 조항현 생산자의 성환 왕 배,과일/견과류,과일,RAW_FRUIT,배,MD's Pick
[데이라이프] 아이 뮨 베이비키즈 아연,기타,기타,UNKNOWN,아연,데이라이프
[누테이블] 에그샐러드,간편식,샐러드팩,RTC_MEAL,에그샐러드,누테이블
[광천김] 핑크퐁 키즈김자반,상온식품,김/자반,DRIED_SEAFOOD,김자반,광천김
[농심] 신라면 더레드,간편식,라면,INSTANT,신라면 더 레드,농심
[돈시몬] 착즙 레몬주스,음료,주스,BEVERAGE,레몬주스,돈시몬
[드시모네] 키즈 스텝1 블루베리향 유산균,기타,기타,UNKNOWN,유산균,드시모네
[건나물] 건가지,채소/곡물류,채소,RAW_PRODUCE,가지,건나물
[니뽕내뽕] 크뽕 (크림 짬뽕),간편식,밀키트,RTC_MEAL,밀키트,니뽕내뽕
멜로우 콘 위스키,술,기타 주류,ALCOHOL,위스키,헤븐 힐
[krikri 크리크리] 그리스 그릭 요거트,유제품,요거트,DAIRY,그릭요거트,krikri 크리크리
[Kurly's] 쫀득한 베이글(플레인),간식류,빵류,BAKERY,베이글,Kurly's
[Kurly's] 동물복지 반숙란,육류/계란,계란,RAW_MEAT,반숙란,Kurly's
[Kurly's] 1++ 한우 국거리 (냉장),육류/계란,소고기,RAW_MEAT,국거리용 소고기,Kurly's
[롯데호텔] 동치미,간편식,반찬류,SIMPLE_PROCESSED,동치미,롯데호텔
레스티냑 바 뜨 페흐 부아흐 2021,술,와인,ALCOHOL,레드 와인,샤토 레스티냑
[떡미당] 밥알찹쌀떡,간식류,떡,SNACK,찹쌀떡,떡미당
[도시곳간] 그린빈표고버섯볶음,간편식,반찬류,SIMPLE_PROCESSED,버섯볶음,도시곳간
[둥구나무] 톳두부무침,긴편식,반찬류,SIMPLE_PROCESSED,톳 두부 무침,둥구나무
[도제식빵] 순통밀 식빵,간식류,빵류,BAKERY,식빵,도제식빵
[다담] 냉이된장찌개 양념,조미료,양념/소스,SAUCE_SEASONING,된장찌개 양념,다담
[KF365] 한돈 앞다리 용도별 균일가,육류/계란,돼지고기,RAW_MEAT,앞다리살,KF365
[동서] 티백,음료,커피/차,BEVERAGE,티백,동서
[롯데] 칸쵸,간식류,과자/스낵,SNACK,칸쵸,롯데
비네티 로미오 노베볼레 로마냐 스푸만테 로사토 엑스트라 드라이,술,와인,ALCOHOL,스파클링 와인,체비코
[Picard] 버터 뺑 오 쇼콜라,간식류,디저트/케이크,BAKERY,쇼콜라,Picard
[광동생활건강] 바르게 만든 흑염소진액,기타,기타,UNKNOWN,흠염소 진액,광동생활건강
[귤로장생] 제주 감귤 (비가림),과일/견과류,과일,RAW_FRUIT,감귤,귤로장생
음mmm!로제,술,와인,ALCOHOL,스파클링 와인,음mmm!
[25-26 햇올리브][까사스 디 후알도] 피쿠알 엑스트라버진,조미료,식용유/기름,SAUCE_SEASONING,올리브유,25-26 햇올리브
[대림선] 24 7 쫄깃 찰순대,간편식,레트로트,RTC_MEAL,레트로트,대림선
[KF365] 갈색 구운란,육류/계란,계란,RAW_MEAT,구운란,KF365
[DIMES] 석류 착즙주스,음료,주스,BEVERAGE,석류주스,DIMES
[디어패밀리] 마누카꿀 프로폴리스 캔디,간식류,초콜릿/사탕,SNACK,레몬 캔디,디어패밀리
[김구원선생] 국산콩 연두부,채소/곡물류,콩/두부,SIMPLE_PROCESSED,연두부,김구원선생
닛카 싱글몰트 카미야기쿄,술,기타 주류,ALCOHOL,위스키,닛카
[krikri 크리크리] 그리스 그릭 요거트,유제품,요거트,DAIRY,그릭요거트,krikri 크리크리
[마음이가] 콩쑥개떡,간식류,떡,SNACK,개떡,마음이가
[라무라] 육즙가득 닭껍질 교자 만두,간편식,냉동식품,FROZEN_MEAL,만두,라무라
[고래사] 어묵면,채소/곡물류,면류,GRAIN,어묵 면,고래사
이브코트 보르도 므왈레,술,와인,ALCOHOL,화이트 와인,이브코트
[동원] 야채참치,상온식품,참치/스팸캔,CANNED,야채참치,동원
[롯데웰푸드] 일품 팥빙수,간식류,디저트/케이크,BAKERY,팥빙수,롯데웰푸드
[고메] 소바바치킨 마쏘킥 순살,간편식,냉동식품,FROZEN_MEAL,치킨,고메
[담터] 생강차 플러스,음료,커피/차,BEVERAGE,생강차,담터
[UCC] 더 블렌드 인스턴트 커피,음료,커피/차,BEVERAGE,커피,UCC
[맥심] 디카페인 커피믹스,음료,커피/차,BEVERAGE,믹스 커피,맥심
[HBAF] 와사비맛 아몬드,간식류,과자/스낵,SNACK,와사비 아몬드,HBAF
[맑은물에] 참좋은 국산콩 순두부,채소/곡물류,콩/두부,SIMPLE_PROCESSED,순두부,맑은물에
[CJ] 맛밤,간식류,과자/스낵,SNACK,맛밤,CJ
[Better me] 백색 반숙란,육류/계란,계란,RAW_MEAT,반숙란,Better me
[ardo] 냉동브로콜리,채소/곡물류,채소,RAW_PRODUCE,브로콜리,ardo
[KF365] 국산 손질 꽃게 (냉동),수산물,새우/게,RAW_SEAFOOD,꽃게,KF365
[더오담] 가마솥 누룽지 (국내산),간식류,과자/스낵,SNACK,누룽지,더오담
[담꽃] 생강차 스틱,음료,커피/차,BEVERAGE,생강차,담꽃
[김재규우리떡연구소] 제주해풍 팥쑥떡,간식류,떡,SNACK,쑥떡,김재규우리떡연구소
[라라스윗] 저당 넛티 초코바,간식류,과자/스낵,SNACK,초코바,라라스윗
[ardo] 레인보우 베지터블,채소/곡물류,채소,RAW_PRODUCE,채소류,ardo
[가보팜스] 프리미엄 야생화꿀,조미료,양념/소스,SAUCE_SEASONING,꿀,가보팜스
[김소영 아티장의 안단테] 포인트 레이스 토마,유제품,치즈,DAIRY,치즈,김소영 아티장의 안단테
[6다이닝] 이베리코 모둠구이,육류/계란,돼지고기,RAW_MEAT,모둠 돼지고기,6다이닝
[마음이가] 우리쌀 조랭이떡,간식류,떡,SNACK,조랭이떡,마음이가
[HUGO&VICTOR] 스콘,간식류,디저트/케이크,BAKERY,스콘,HUGO&VICTOR
[KF365] 1+ 한우 불고기용 (냉장),육류/계란,소고기,RAW_MEAT,불고기,KF365
[기뜬정] 수제 호두정과,간식류,디저트/케이크,BAKERY,호두정과,기뜬정
[맥심] 모카골드 마일드 커피믹스,음료,커피/차,BEVERAGE,믹스 커피,맥심
[LOTS OF LOVE] 봄맛듬뿍 곤드레밥,간편식,레트로트,RTC_MEAL,레트로트,LOTS OF LOVE
[고래주방] 우리쌀 동글동글떡,간식류,떡,SNACK,떡,고래주방
[감코리아]둥시&준시&흑곶감,간식류,디저트/케이크,BAKERY,곶감,감코리아
[롯데웰푸드] 위즐 저당 리치 바닐라,간식류,디저트/케이크,BAKERY,아이스크림,롯데웰푸드
[고디바] 프레스티지 초콜릿 비스킷 밀크,간식류,과자/스낵,SNACK,쿠키,고디바
[남양] 우리아이 처음먹는 얌얌과자,간식류,과자/스낵,SNACK,얌얌과자,남양
아벨라워 14년,술,기타 주류,ALCOHOL,위스키,아벨라워
[KF365] 1등급 닭볶음탕용 (냉장),육류/계란,닭고기,RAW_MEAT,손질 닭,KF365
[ISFI] 월계수잎,조미료,향신료/허브,SAUCE_SEASONING,월계수잎,ISFI
[곱창파는청년들] 소곱창,육류/계란,소고기,RAW_MEAT,소곱창,곱창파는청년들
[롯데] 가나 프리미엄 랑드샤 쿠키 치즈 베리,간식류,과자/스낵,SNACK,쿠키,롯데
[KF365] 무항생제 닭다리살 슬라이스 구이,육류/계란,닭고기,RAW_MEAT,닭다리살,KF365
[건나물] 건토란대,채소/곡물류,채소,RAW_PRODUCE,토란대,건나물
[기장물산] 미역귀다리,수산물,미역/다시마,DRIED_SEAFOOD,미역귀다리,기장물산
부쉬밀 10년,술,기타 주류,ALCOHOL,위스키,부쉬밀
[딥트 3일] 듀얼 버닝,기타,기타,UNKNOWN,다이어트 보조제,딥트 3일
[롯데웰푸드] 저당 티코 밀크초코,간식류,디저트/케이크,BAKERY,아이스크림,롯데웰푸드
[닥터로빈] 저당 치아바타,간식류,빵류,BAKERY,치아바타,닥터로빈
[KF365] 국산 손질 꽃게 (냉동),수산물,새우/게,RAW_SEAFOOD,꽃게,KF365
[데본] 클로티드 크림,유제품,버터/생크림,DAIRY,클로티드 크림,데본
[네이처메이드] 비타민 B,기타,기타,UNKNOWN,비타민B,네이처메이드
사이카 다이긴죠,술,기타 주류,ALCOHOL,사케,고코노에 사이카
퍼플 오리지널 말벡,술,와인,ALCOHOL,레드 와인,샤또 라그레제트
더 그레이프 그라인더 피노타주,술,와인,ALCOHOL,레드와인,더 그레이프 그라인더
그랜드 토카이 클래식 토카이 푸르민트 드라이,술,와인,ALCOHOL,화이트 와인,그랜드 토카이
[Sea to Table] 손질 빅사이즈 새우,수산물,새우/게,RAW_SEAFOOD,새우,Sea to Table
[난축맛돈] 뼈등심 구이용,육류/계란,소고기,RAW_MEAT,등심,난축맛돈
[롯데] 졸음번쩍껌 에너지,간식류,과자/스낵,SNACK,껌,롯데
[도나스데이] 찰떡소보루,간식류,빵류,BAKERY,소보루빵,도나스데이
[김소형원방] 목편한 무꿀배 스틱,기타,기타,UNKNOWN,무꿀배,김소형원방
[랩노쉬] 단백쿠키바 골라담기,간식류,과자/스낵,SNACK,프로틴바,랩노쉬
[고메공방] 촉촉하고 바삭한 마늘바게트,간식류,빵류,BAKERY,마늘 바게트,고메공방
[니씬] 민트소금사탕,간식류,초콜릿/사탕,SNACK,민트 소금사탕,니씬
[데르뜨] 매일유업 우유 케이크,간식류,디저트/케이크,BAKERY,케이크,데르뜨
블랙 바틀 스모크 앤 대거,술,기타 주류,ALCOHOL,위스키,부나하븐
러셀 리저브 싱글배럴 버번 ,술,기타 주류,ALCOHOL,위스키,와일드 터키
[두유본색] 자색고구마 아침두유,유제품,우유/두유,DAIRY,두유,두유본색
라포스톨 그랑 셀렉션 소비뇽 블랑,술,와인,ALCOHOL,화이트 와인,라포스톨
[Dole] 후룻컵 파인애플,간식류,디저트/케이크,BAKERY,과일컵,Dole
[노포기행] 용강동식 돼지왕구이,육류/계란,돼지고기,RAW_MEAT,돼지갈비,노포기행
[고래사] 어묵탕 한그릇,간편식,레트로트,RTC_MEAL,레트로트,고래사
[고래사] 야채가득 사각어묵,수산물,어육가공식품,SIMPLE_PROCESSED,어묵 면,고래사
[마담로익] 크림치즈,유제품,치즈,DAIRY,크림치즈,마담로익
[ESTI] 후무스&피타칩스,간식류,과자/스낵,SNACK,쿠키,ESTI
[KF365] 한돈 (삼겹살 앞다리) 수육용,육류/계란,돼지고기,RAW_MEAT,앞다리살,KF365
덴신 유키 준마이 긴죠,술,기타 주류,ALCOHOL,사케,잇폰기 쿠보 본점
[cutie] 미국산 만다린,과일/견과류,과일,RAW_FRUIT,만다린,cutie
[남양] 떠먹는 불가리스 제로 요거트 플레인,유제품,요거트,DAIRY,요거트,남양
부쉬밀16년,술,기타 주류,ALCOHOL,위스키,부쉬밀
조니워커블랙,술,기타 주류,ALCOHOL,위스키,조니워커
[넘버원양꼬치] 북경식 통오리 밀전병,간편식,밀키트,RTC_MEAL,밀키트,넘버원양꼬치
[KF365] 인기 숯불 고기 모음,육류/계란,돼지고기,RAW_MEAT,모둠 돼지고기,KF365
[김재식헬스푸드] 진한 배즙 도라지 배숙,기타,기타,UNKNOWN,배도라지,김재식헬스푸드
[도리깨침] 잡채,간편식,반찬류,SIMPLE_PROCESSED,잡채,도리깨침
[고추명가] 김치찌개 소스,조미료,양념/소스,SAUCE_SEASONING,김치찌개 소스,고추명가
[룩트] 아이슬란딕 요거트,유제품,요거트,DAIRY,요거트,룩트
[롯데웰푸드] 구구 아이스크림,간식류,디저트/케이크,BAKERY,아이스크림,롯데웰푸드
자이언트 스텝스 야라 밸리 샤도네이 ,술,와인,ALCOHOL,화이트 와인,자이언트 스텝스
[가농바이오] 오메가에그 무항생제 1+등급 특란,육류/계란,계란,RAW_MEAT,계란,가농바이오
[로로멜로] 아이스 브륄레,간식류,디저트/케이크,BAKERY,브륄레,로로멜로
[만선] 조림용 고등어,수산물,생선,RAW_SEAFOOD,고등어,만선
마르케스 데 리스칼 리제르바,술,와인,ALCOHOL,레드 와인,마르케스 데 리스칼
[떡편] 옥수수 기정떡,간식류,떡,SNACK,기정떡,떡편
[김호윤키친] 더이탈리안클럽 엔초비&푸타네스카 파스타,간편식,밀키트,RTC_MEAL,밀키트,김호윤키친
[떡미당] 구슬꿀떡,간식류,떡,SNACK,꿀떡,떡미당
[리치몬드 과자점] 갈레트 데 루와,간식류,디저트/케이크,BAKERY,파이,리치몬드 과자점
[농협] 임실 순수 치즈,유제품,치즈,DAIRY,치즈,농협
(뉴질랜드) 밀키오 목초사육 방탄커피 기버터 Ghee,유제품,버터/생크림,DAIRY,기버터,뉴질랜드
[말돈] 플레이크 소금,조미료,조미료,SAUCE_SEASONING,소금,말돈
[라빠르쉐] 브라운 각설탕,조미료,조미료,SAUCE_SEASONING,설탕,라빠르쉐
[니비시] 사시미 간장,조미료,양념/소스,SAUCE_SEASONING,간장,니비시
[마이노멀] 국산 저당 고추장,조미료,양념/소스,SAUCE_SEASONING,고추장,마이노멀
[다담] 우렁강된장,조미료,양념/소스,SAUCE_SEASONING,강된장,다담
[농부플러스] 저온 압착 참기름,조미료,식용유/기름,SAUCE_SEASONING,참기름,농부플러스
[드니그리스] 유기농 사과 식초,조미료,양념/소스,SAUCE_SEASONING,식초,드니그리스
[드로게리아] 통흑후추,조미료,향신료/허브,SAUCE_SEASONING,후추,드로게리아
[KF365] 깐마늘,채소/곡물류,채소,RAW_PRODUCE,마늘,KF365
[백설] 맛술 생강,조미료,양념/소스,SAUCE_SEASONING,맛술,백설
[KF365] 양파,채소/곡물류,채소,RAW_PRODUCE,양파,KF365
[KF365] 깐대파,채소/곡물류,채소,RAW_PRODUCE,대파,KF365
[KF365] 청양고추,채소/곡물류,채소,RAW_PRODUCE,청양고추,KF365
[KF365] 밥상의 진미 쌀,채소/곡물류,쌀/잡곡,GRAIN,쌀,KF365
[백설] 강력밀가루,조미료,가루분말,SAUCE_SEASONING,밀가루,백설
[농심] 농심라면,간편식,라면,INSTANT,농심라면,농심
[루스티켈라] 파스타면,채소/곡물류,면류,GRAIN,파스타면,루스티켈라
[CJ] 베트남 쌀국수,간편식,밀키트,RTC_MEAL,밀키트,CJ
[CJ] 만번치댄 사누끼 우동면,채소/곡물류,면류,GRAIN,우동면,CJ
[갓지은] 모듬영양찰떡,간식류,떡,SNACK,찰떡,갓지은
[야미요밀] 식빵,간식류,빵류,BAKERY,식빵,야미요밀
[경자국밥] 돼지국밥,간편식,레트로트,RTC_MEAL,레트로트,경자국밥
[비비고] 돼지고기김치찌개,간편식,레트로트,RTC_MEAL,레트로트,비비고
[느린마을] 소고기 육전,간편식,반찬류,SIMPLE_PROCESSED,육전,느린마을
[Better me] 냉장 닭가슴살,육류/계란,닭고기,RAW_MEAT,닭가슴살,Better me
[99달걀] 운란,육류/계란,계란,RAW_MEAT,달걀,99달걀
[오스카마이어] 베이컨,육류/계란,가공육(햄/소시지),PROCESSED_MEAT,베이컨,오스카마이어
[99소시지] 삼겹 후랑크 소시지,육류/계란,가공육(햄/소시지),PROCESSED_MEAT,소시지,99소시지
[ardo] 냉동 방울양배추,채소/곡물류,채소,RAW_PRODUCE,방울양배추,ardo
[KF365] 무,채소/곡물류,채소,RAW_PRODUCE,무,KF365
[바름팜] 넉넉하게 담은 흙당근,채소/곡물류,채소,RAW_PRODUCE,당근,바름팜
[Picard] 냉동 알감자,채소/곡물류,채소,RAW_PRODUCE,감자,Picard
[KF365] 밤고구마,채소/곡물류,채소,RAW_PRODUCE,고구마,KF365
[KF365] 애호박,채소/곡물류,채소,RAW_PRODUCE,애호박,KF365
[KF365] 브로콜리,채소/곡물류,채소,RAW_PRODUCE,브로콜리,KF365
[둥구나무] 시금치나물,간편식,반찬류,SIMPLE_PROCESSED,시금치 나물,둥구나무
[KF365] 적상추,채소/곡물류,채소,RAW_PRODUCE,상추,KF365
[KF365] 깻잎,채소/곡물류,채소,RAW_PRODUCE,깻잎,KF365
[KF365] 부추,채소/곡물류,채소,RAW_PRODUCE,부추,KF365
[남양] 아인슈타인 DHA 우유,유제품,우유/두유,DAIRY,우유,남양
[CnF] 대파&베이컨 크림치즈,유제품,치즈,DAIRY,치즈,CnF
[고넛츠] 유기농 땅콩버터,유제품,버터/생크림,DAIRY,버터,고넛츠
[김구원선생] 무농약 숙주나물,채소/곡물류,채소,RAW_PRODUCE,숙주나물,김구원선생
[Picard] 퐁당 오 쇼콜라,간식류,디저트/케이크,BAKERY,쇼콜라,Picard
[마이노멀] 저당 굴소스,조미료,양념/소스,SAUCE_SEASONING,굴소스,마이노멀
[델파파] 퓨어 올리브유,조미료,식용유/기름,SAUCE_SEASONING,올리브유,델파파
[백설] 카놀라유,조미료,식용유/기름,SAUCE_SEASONING,카놀라유,백설
[샘표] 새미네부엌 진간장,조미료,양념/소스,SAUCE_SEASONING,진간장,샘표
[샘표] 국산콩 양조간장,조미료,양념/소스,SAUCE_SEASONING,양조간장,샘표
[샘표] 새미네부엌 국간장,조미료,양념/소스,SAUCE_SEASONING,국간장,샘표
[고맙당] 저당 쌈장,조미료,양념/소스,SAUCE_SEASONING,쌈장,고맙당
[비비드키친] 저칼로리 케첩,조미료,양념/소스,SAUCE_SEASONING,케첩,비비드키친
[오뚜기] 1 2 하프 마요네즈,조미료,양념/소스,SAUCE_SEASONING,마요네즈,오뚜기
[보르니에르] 홀그레인 머스타드,조미료,양념/소스,SAUCE_SEASONING,머스타드,보르니에르
[미식회관] 타코와사비,간편식,레트로트,RTC_MEAL,타코 와사비,미식회관
[백설] 물엿,조미료,양념/소스,SAUCE_SEASONING,물엿,백설
[백설] 요리올리고당,조미료,양념/소스,SAUCE_SEASONING,올리고당,백설
[쌍계명차] 꿀,조미료,양념/소스,SAUCE_SEASONING,꿀,쌍계명차
[아지플러스] 요리용청주,조미료,양념/소스,SAUCE_SEASONING,청주,아지플러스
[ISFI] 월계수잎,조미료,향신료/허브,SAUCE_SEASONING,월계수잎,ISFI
[ISFI] 바질,조미료,향신료/허브,SAUCE_SEASONING,바질,ISFI
[ISFI] 오레가노홀,조미료,향신료/허브,SAUCE_SEASONING,오레가노,ISFI
[ISFI] 파슬리,조미료,향신료/허브,SAUCE_SEASONING,파슬리,ISFI
[브레드타임] 메론빵,간식류,빵류,BAKERY,메론빵,브레드타임
[올가] 우리밀 카레가루,조미료,가루분말,SAUCE_SEASONING,카레가루,올가
[KF365] 춘천식 닭갈비,간편식,밀키트,RTC_MEAL,밀키트,KF365
[미식당] 닭다리살 꼬치,육류/계란,닭고기,RAW_MEAT,닭다리살,미식당
[KF365] 냉동 손질 오징어,수산물,오징어/문어,RAW_SEAFOOD,오징어,KF365
[고메] 바삭탱글한 칠리새우,간편식,냉동식품,FROZEN_MEAL,새우튀김,고메
[삼삼물산] 남해안 개조개,수산물,조개/전복,RAW_SEAFOOD,개조개,삼삼물산
[대흥] 남해안 생굴 (중굴,수산물,조개/전복,RAW_SEAFOOD,굴,대흥
[KF365] 명인 명란,수산물,어란,RAW_SEAFOOD,명란,KF365
[Kurly's] 돈육햄,육류/계란,가공육(햄/소시지),PROCESSED_MEAT,햄,Kurly's
[스팸] 동그란 스팸,상온식품,참치/스팸캔,CANNED,스팸,스팸
[KF365] 대추방울토마토,채소/곡물류,채소,RAW_PRODUCE,방울토마토,KF365
[KF365] 파프리카,채소/곡물류,채소,RAW_PRODUCE,파프리카,KF365
[KF365] 백다다기오이,채소/곡물류,채소,RAW_PRODUCE,오이,KF365
[KF365] 가지,채소/곡물류,채소,RAW_PRODUCE,가지,KF365
[김구원선생] 유기농 콩나물,채소/곡물류,채소,RAW_PRODUCE,콩나물,김구원선생
[둥구나무] 쑥갓나물,간편식,반찬류,SIMPLE_PROCESSED,쑥갓나물,둥구나무
[롯데호텔] 배추김치,간편식,반찬류,SIMPLE_PROCESSED,배추김치,롯데호텔
[농협풍산김치] 깍두기,간편식,반찬류,SIMPLE_PROCESSED,깍두기,농협풍산김치
[도리깨침] 열무김치,간편식,반찬류,SIMPLE_PROCESSED,열무김치,도리깨침
[KC] 노랑 옥수수,채소/곡물류,채소,RAW_PRODUCE,옥수수,KC
[ardo] 냉동 완두콩,채소/곡물류,채소,RAW_PRODUCE,완두콩,ardo
[KF365] 청양고추,채소/곡물류,채소,RAW_PRODUCE,청양고추,KF365
[KF365] 친환경 표고버섯,채소/곡물류,채소,RAW_PRODUCE,표고버섯,KF365
[Dole] 스위티오 바나나,과일/견과류,과일,RAW_FRUIT,바나나,Dole
[만나다] 프레시 조각 오렌지,과일/견과류,과일,RAW_FRUIT,오렌지,만나다
[그린너트] 점보건포도,과일/견과류,과일,RAW_FRUIT,포도,그린너트
[수미과] 조각 수박,과일/견과류,과일,RAW_FRUIT,수박,수미과
[아이농] 유기농 신고배,과일/견과류,과일,RAW_FRUIT,배,아이농
[귤로장생] 제주 하우스 감귤,과일/견과류,과일,RAW_FRUIT,귤,귤로장생
[KF365] 유기농 현미,채소/곡물류,쌀/잡곡,GRAIN,현미,KF365
[떡미당] 밥알찹쌀떡,간편식,떡,SNACK,찹쌀떡,떡미당
[백설] 대왕 납작 당면,채소/곡물류,면류,GRAIN,납작 당면,백설
[CJ] 베트남 쌀국수,간편식,밀키트,RTC_MEAL,밀키트,CJ
[CJ] 동치미 물냉면,간편식,밀키트,RTC_MEAL,밀키트,CJ
[고메공방] 들기름 막국수,간편식,밀키트,RTC_MEAL,밀키트,고메공방
[리틀 차이나] 짜장면,간편식,밀키트,RTC_MEAL,밀키트,리틀 차이나
[빙그레] 요구르트,유제품,요거트,DAIRY,요구르트,빙그레
[덴마크] 생크림,유제품,버터/생크림,DAIRY,생크림,덴마크
[마담로익] 크림치즈,유제품,치즈,DAIRY,크림치즈,마담로익
[댓츠] 국산 원유 후레시 모짜렐라 치즈,유제품,치즈,DAIRY,모짜렐라 치즈,댓츠
[남양] 드빈치 자연방목 체다 치즈,유제품,치즈,DAIRY,체다 치즈,남양
[CJ] 행복한콩 고소한 촌두부,채소/곡물류,콩/두부,SIMPLE_PROCESSED,두부,CJ
[맑은물에] 순두부,채소/곡물류,콩/두부,SIMPLE_PROCESSED,순두부,맑은물에
[와코] 사각 유부,채소/곡물류,콩/두부,SIMPLE_PROCESSED,유부,와코
[매일] 연유,유제품,우유/두유,DAIRY,연유,매일
[DIMES] 석류 착즙주스,음료,주스,BEVERAGE,석류주스,DIMES
[아카페라] 커피,음료,커피/차,BEVERAGE,커피,아카페라
[낫띵베럴] 럽티 레몬녹차,음료,커피/차,BEVERAGE,레몬녹차,낫띵베럴
리키 밀맥주,술,맥주,ALCOHOL,맥주,세븐브로이맥주
[다시다] 쇠고기 다시다,조미료,조미료,SAUCE_SEASONING,다시다,다시다
[김정배명인] 새우젓,조미료,양념/소스,SAUCE_SEASONING,새우젓,김정배명인
[올가] 우리밀 카레가루,조미료,가루분말,SAUCE_SEASONING,카레가루,올가
[오뚜기] 짜장가루,조미료,가루분말,SAUCE_SEASONING,짜장가루,오뚜기
[곰표] 나트륨을 줄인 튀김가루,조미료,가루분말,SAUCE_SEASONING,튀김가루,곰표
[동원] 빵가루,조미료,가루분말,SAUCE_SEASONING,빵가루,동원
[오뚜기] 부침가루,조미료,가루분말,SAUCE_SEASONING,부침가루,오뚜기
[배대감] 베이킹파우더,조미료,가루분말,SAUCE_SEASONING,베이킹파우더,배대감
[안티모카푸토] 드라이 이스트,조미료,가루분말,SAUCE_SEASONING,이스트,안티모카푸토
[배대감] 볶음참깨,채소/곡물류,쌀/잡곡,GRAIN,참깨,배대감
[마마리] 들깨 미역국,간편식,레트로트,RTC_MEAL,레트로트,마마리
[바로담아] 들기름,조미료,식용유/기름,SAUCE_SEASONING,들기름,바로담아
[바쏘] 포도씨유,조미료,식용유/기름,SAUCE_SEASONING,포도씨유,바쏘
[백설] 해바라기씨유,조미료,식용유/기름,SAUCE_SEASONING,해바라기씨유,백설
[Kurly's] 물만두,간편식,냉동식품,FROZEN_MEAL,만두,Kurly's
[사세] 바삭한 치킨너겟,간편식,냉동식품,FROZEN_MEAL,치킨너겟,사세
[99핫도그] 크리스피 핫도그,간편식,냉동식품,FROZEN_MEAL,핫도그,99핫도그
[고래사] 가정용 꼬치어묵,수산물,어육가공식품,SIMPLE_PROCESSED,어묵,고래사
[새로미어묵] 바른공식 게맛살,수산물,어육가공식품,SIMPLE_PROCESSED,게맛살,새로미어묵
[델리치오] 와규 햄버거 패티,육류/계란,가공육(햄/소시지),PROCESSED_MEAT,패티,델리치오
[강릉상회] 손질멸치,수산물,멸치/건어물,DRIED_SEAFOOD,멸치,강릉상회
[건어물상회] 황태채,수산물,멸치/건어물,DRIED_SEAFOOD,황태,건어물상회
[KF365] 기장 다시마,수산물,미역/다시마,DRIED_SEAFOOD,다시마,KF365
[CJ] 명가 재래김,상온식품,김/자반,DRIED_SEAFOOD,김,CJ
[KF365] 기장 미역,수산물,미역/다시마,DRIED_SEAFOOD,미역,KF365
[CJ] 명가 파래김,상온식품,김/자반,DRIED_SEAFOOD,김,CJ
[KF365] 친환경 표고버섯,채소/곡물류,버섯,RAW_PRODUCE,표고버섯,KF365
[수산곳간] 반건조한치,수산물,오징어/문어,RAW_SEAFOOD,한치,수산곳간
[유기샘] 무농약 건대추,과일/견과류,과일,RAW_FRUIT,대추,유기샘
[그린너트] 점보건포도,과일/견과류,과일,RAW_FRUIT,포도,그린너트
[KF365] 팽이버섯,채소/곡물류,버섯,RAW_PRODUCE,팽이버섯,KF365
[KF365] 새송이버섯,채소/곡물류,버섯,RAW_PRODUCE,새송이버섯,KF365
[비움반찬] 느타리버섯볶음,채소/곡물류,버섯,RAW_PRODUCE,느타리버섯,비움반찬
[KF365] 새송이버섯,채소/곡물류,버섯,RAW_PRODUCE,송이버섯,KF365
[KF365] 방울토마토,채소/곡물류,채소,RAW_PRODUCE,방울토마토,KF365
[비비고] 갓김치,간편식,반찬류,SIMPLE_PROCESSED,갓김치,비비고
[둥구나무] 오이소박이,간편식,반찬류,SIMPLE_PROCESSED,오이소박이,둥구나무
[KF365] 깐마늘,채소/곡물류,채소,RAW_PRODUCE,마늘,KF365
[땅끝농협] 국산 다진마늘,채소/곡물류,채소,RAW_PRODUCE,마늘,땅끝농협
[마마리] 연근 닭강정,간편식,냉동식품,FROZEN_MEAL,닭강정,마마리
[바름팜] 친환경 우엉,채소/곡물류,채소,RAW_PRODUCE,우엉,바름팜
[둥구나무] 죽순볶음,간편식,반찬류,SIMPLE_PROCESSED,죽순볶음,둥구나무
[바름팜] 친환경 고사리,채소/곡물류,채소,RAW_PRODUCE,고사리,바름팜
[김정환홍삼] 홍삼배도라지,기타,기타,UNKNOWN,배도라지,김정환홍삼
[바름팜] 친환경 손질한 더덕,채소/곡물류,채소,RAW_PRODUCE,더덕,바름팜
[둥구나무 : 자연그대로] 취나물,간편식,반찬류,SIMPLE_PROCESSED,취나물,둥구나무 : 자연그대로
[KF365] 제주토막갈치,수산물,생선,RAW_SEAFOOD,갈치,KF365
[KF365] 국산 손질 고등어,수산물,생선,RAW_SEAFOOD,고등어,KF365
[비비고] 순살삼치구이,간편식,냉동식품,FROZEN_MEAL,삼치구이,비비고
[선물세트] 조선호텔 훈제연어,수산물,어육가공식품,SIMPLE_PROCESSED,훈제연어,선물세트
[KF365] 완도 전복,수산물,조개/전복,RAW_SEAFOOD,전복,KF365
[강릉상회] 국산 건홍합,수산물,조개/전복,RAW_SEAFOOD,홍합,강릉상회
[KF365] 참바지락,수산물,조개/전복,RAW_SEAFOOD,바지락,KF365
[만선] 모시조개 (생물),수산물,조개/전복,RAW_SEAFOOD,모시조개,만선
[동광젓갈] 멍게무침,간편식,반찬류,SIMPLE_PROCESSED,멍게무침,동광젓갈
[미식회관] 바로바로 호롱낙지,수산물,오징어/문어,RAW_SEAFOOD,낙지,미식회관
[KF365] 깐 메추리알,육류/계란,계란,RAW_MEAT,메추리알,KF365
[소팔소곱창] 곱창,육류/계란,소고기,RAW_MEAT,소곱창,소팔소곱창
[곱이고운] 소대창,육류/계란,소고기,RAW_MEAT,소대창,곱이고운
[99족발] 순살 족발,간편식,레트로트,RTC_MEAL,족발,99족발
[고메] 대가 탕수육,간편식,냉동식품,FROZEN_MEAL,탕수육,고메
[궁] 골든올리브 육포,육류/계란,가공육(햄/소시지),PROCESSED_MEAT,육포,궁
[Dole] 해금 골드키위,과일/견과류,과일,RAW_FRUIT,키위,Dole
[기획상품] 칠레산 블루베리,과일/견과류,과일,RAW_FRUIT,블루베리,기획상품
[라라스윗] 파인트 오렌지앤라즈베리,간식류,디저트/케이크,BAKERY,아이스크림,라라스윗
[KF365] 아보카도,과일/견과류,과일,RAW_FRUIT,아보카도,KF365
[쁘띠첼] 미초 석류,조미료,양념/소스,SAUCE_SEASONING,미초,쁘띠첼
[더벨로] 무화과 통밀빵,간식류,빵류,BAKERY,통밀빵,더벨로
[감코리아] 햇 둥시 곶감,간식류,디저트/케이크,BAKERY,곶감,감코리아
[유기샘] 무농약 건대추,과일/견과류,과일,RAW_FRUIT,대추,유기샘
[CJ] 맛군밤,간식류,디저트/케이크,BAKERY,맛밤,CJ
[매일] 매일두유 검은콩,유제품,우유/두유,DAIRY,두유,매일
[더리얼] 한입 찐 강낭콩,채소/곡물류,쌀/잡곡,GRAIN,강낭콩,더리얼
[담꽃] 팥양갱,간식류,디저트/케이크,BAKERY,양갱,담꽃
[섬죽] 닭녹두죽,간편식,레트로트,RTC_MEAL,레트로트,섬죽
[러베지] 병아리콩 후무스,상온식품,잼/스프레드,SAUCE_SEASONING,후무스,러베지
[매일] 매일두유 렌틸콩,유제품,우유/두유,DAIRY,두유,매일
[HBAF] 군옥수수맛 아몬드,과일/견과류,견과류,RAW_FRUIT,아몬드,HBAF
[그린너트] 호두,과일/견과류,견과류,RAW_FRUIT,호두,그린너트
[HBAF] 넛츠앤스낵스 땅콩,과일/견과류,견과류,RAW_FRUIT,땅콩,HBAF
[담터] 캐슈넛,과일/견과류,견과류,RAW_FRUIT,캐슈넛,담터
[그린너트] 구운 피스타치오,과일/견과류,견과류,RAW_FRUIT,피스타치오,그린너트
[그린너트] 해바라기씨,과일/견과류,견과류,RAW_FRUIT,해바라기씨,그린너트
